OBJECTID,Parcel_AGAPPID_csv_AGAPPL,DISSOLVE_landuse_parcel_union_LAND_USE,SUM_SUM_DISSOLVE_landuse_parcel_union_SUM_ACREAGE,Shape_Length,Shape_Area,,,,,,,,,,,,,
5532,1,Homesite,1,921.1448377,43560.07153,,,,,,,,,,,,,0
5533,2,Homesite,1,848.2539327,43560.00217,,,,,,,,,,,,,
5534,3,Homesite,1,859.5438814,43560.14074,,,,,,,,,,,,,
5535,4,Homesite,1,881.0383075,43560.03555,,,,,,,,,,,,,
5536,5,Homesite,1,852.9630491,43559.95671,,,,,,,,,,,,,
5537,6,Homesite,1,844.2900755,43559.96917,,,,,,,,,,,,,
5538,8,Homesite,1,971.2952172,43559.9951,,,,,,,,,,,,,
5539,11,Homesite,1,834.8401938,43559.88433,,,,,,,,,,,,,
5540,17,Homesite,1,834.8421623,43560.08975,,,,,,,,,,,,,
5541,19,Homesite,1,861.8965702,43559.9653,,,,,,,,,,,,,
5542,21,Homesite,2,1751.165264,87119.97874,,,,,,,,,,,,,
5543,23,Homesite,1,836.0198359,43559.98022,,,,,,,,,,,,,
5544,25,Homesite,1,885.4692485,43559.97751,,,,,,,,,,,,,
5545,28,Homesite,1,830.0144014,43560.03912,,,,,,,,,,,,,
5546,30,Homesite,1,834.8401938,43559.88433,,,,,,,,,,,,,
5547,32,Homesite,1,834.8421623,43560.08975,,,,,,,,,,,,,
5548,34,Homesite,1,842.655572,43559.99734,,,,,,,,,,,,,
5549,37,Homesite,1,967.4163724,43559.89919,,,,,,,,,,,,,
5550,40,Homesite,1,835.8257994,43559.99969,,,,,,,,,,,,,
5551,42,Homesite,1,896.7647467,43560.01472,,,,,,,,,,,,,
5552,43,Homesite,1,993.541838,43559.96359,,,,,,,,,,,,,
5553,45,Homesite,1,835.6666376,43559.93411,,,,,,,,,,,,,
5554,46,Homesite,1,834.8401938,43559.88432,,,,,,,,,,,,,
5555,48,Homesite,1,836.1662218,43560.065,,,,,,,,,,,,,
5556,50,Homesite,2,1732.7725,87119.93249,,,,,,,,,,,,,
5557,53,Homesite,1,834.8403082,43559.90371,,,,,,,,,,,,,
5558,54,Homesite,1,857.3165269,43559.95986,,,,,,,,,,,,,
5559,55,Homesite,1,834.84085,43559.9528,,,,,,,,,,,,,
5560,58,Homesite,1,850.7443615,43559.95745,,,,,,,,,,,,,
5561,59,Homesite,1,894.2194519,43560.01316,,,,,,,,,,,,,
5562,61,Homesite,2,1736.01029,87119.94182,,,,,,,,,,,,,
5563,62,Homesite,1,843.0036148,43559.9808,,,,,,,,,,,,,
5564,65,Homesite,1,834.8401938,43559.88433,,,,,,,,,,,,,
5565,75,Homesite,1,845.7193609,43559.95607,,,,,,,,,,,,,
5566,76,Homesite,1,997.6674027,43560.01627,,,,,,,,,,,,,
5567,79,Homesite,1,834.9873746,43559.95482,,,,,,,,,,,,,
5568,88,Homesite,1,858.4667099,43559.97349,,,,,,,,,,,,,
5569,93,Homesite,1,976.273524,43560.04194,,,,,,,,,,,,,
5570,94,Homesite,1,870.1337738,43559.98633,,,,,,,,,,,,,
5571,95,Homesite,1,1084.323161,43560.01559,,,,,,,,,,,,,
5572,97,Homesite,1,839.3309783,43559.98434,,,,,,,,,,,,,
5573,98,Homesite,1,961.4327217,43559.99131,,,,,,,,,,,,,
5574,100,Homesite,1,834.8421623,43560.08975,,,,,,,,,,,,,
5575,104,Homesite,1,834.8424904,43560.12085,,,,,,,,,,,,,
5576,107,Homesite,1,920.9404153,43560.05642,,,,,,,,,,,,,
5577,109,Homesite,1,889.278662,43559.99721,,,,,,,,,,,,,
5578,110,Homesite,1,836.9539578,43559.91449,,,,,,,,,,,,,
5579,111,Homesite,2,1892.294116,87120.881,,,,,,,,,,,,,
5580,121,Homesite,2,1773.669844,87121.23904,,,,,,,,,,,,,
5581,122,Homesite,1,849.9255731,43559.95903,,,,,,,,,,,,,
5582,129,Homesite,1,819.9041581,43559.92459,,,,,,,,,,,,,
5583,132,Homesite,1,834.8421623,43560.08975,,,,,,,,,,,,,
5584,133,Homesite,4,4010.01315,174233.2964,,,,,,,,,,,,,
5585,134,Homesite,1,834.8401938,43559.91469,,,,,,,,,,,,,
5586,137,Homesite,1,874.9174231,43560.14204,,,,,,,,,,,,,
5587,138,Homesite,2,1692.663529,87120.06105,,,,,,,,,,,,,
5588,139,Homesite,1,834.8401939,43559.88433,,,,,,,,,,,,,
5589,140,Homesite,1,890.4965815,43560.0701,,,,,,,,,,,,,
5590,142,Homesite,2,1669.849415,87119.83257,,,,,,,,,,,,,
5591,145,Homesite,1,839.4814618,43560.25488,,,,,,,,,,,,,
5592,148,Homesite,1,861.7623352,43560.0225,,,,,,,,,,,,,
5593,152,Homesite,1,841.4693032,43560.03939,,,,,,,,,,,,,
5594,156,Homesite,1,837.88618,43559.95847,,,,,,,,,,,,,
5595,160,Homesite,1,892.7201051,43559.99399,,,,,,,,,,,,,
5596,162,Homesite,1,939.1824841,43561.57682,,,,,,,,,,,,,
5597,164,Homesite,1,834.8401938,43559.88432,,,,,,,,,,,,,
5598,165,Homesite,2,1706.152666,87119.93905,,,,,,,,,,,,,
5599,167,Homesite,2,1455.203223,87119.98614,,,,,,,,,,,,,
5600,168,Homesite,2,1928.180809,87119.96289,,,,,,,,,,,,,
5601,170,Homesite,1,834.84085,43559.9528,,,,,,,,,,,,,
5602,172,Homesite,1,835.0227128,43559.97265,,,,,,,,,,,,,
5603,173,Homesite,1,834.8421623,43560.08975,,,,,,,,,,,,,
5604,175,Homesite,1,838.1802175,43559.96667,,,,,,,,,,,,,
5605,176,Homesite,1,901.8849479,43559.97061,,,,,,,,,,,,,
5606,179,Homesite,1,834.8401938,43559.88432,,,,,,,,,,,,,
5607,180,Homesite,1,834.8423485,43560.14932,,,,,,,,,,,,,
5608,182,Homesite,1,834.8498432,43559.99038,,,,,,,,,,,,,
5609,183,Homesite,1,852.5206047,43560.05953,,,,,,,,,,,,,
5610,185,Homesite,1,844.6582654,43560.03278,,,,,,,,,,,,,
5611,186,Homesite,1,834.8421623,43560.08975,,,,,,,,,,,,,
5612,188,Homesite,1,1320.705445,43560.02205,,,,,,,,,,,,,
5613,189,Homesite,1,838.2319191,43560.03619,,,,,,,,,,,,,
5614,194,Homesite,1,834.8359315,43559.87739,,,,,,,,,,,,,
5615,196,Homesite,1,834.8401938,43559.88433,,,,,,,,,,,,,
5616,203,Homesite,1,1221.759496,43559.99642,,,,,,,,,,,,,
5617,205,Homesite,1,834.8421624,43560.08975,,,,,,,,,,,,,
5618,206,Homesite,1,925.6625614,43559.99873,,,,,,,,,,,,,
5619,209,Homesite,1,837.0846785,43559.99948,,,,,,,,,,,,,
5620,211,Homesite,2,1672.247036,87119.97663,,,,,,,,,,,,,
5621,213,Homesite,1,837.688529,43559.9962,,,,,,,,,,,,,
5622,214,Homesite,1,835.0532829,43559.96097,,,,,,,,,,,,,
5623,215,Homesite,1,819.8406126,43559.99425,,,,,,,,,,,,,
5624,216,Homesite,1,1003.450084,43560.03277,,,,,,,,,,,,,
5625,222,Homesite,2,1700.806017,87120.05968,,,,,,,,,,,,,
5626,224,Homesite,1,854.1564969,43559.97357,,,,,,,,,,,,,
5627,225,Homesite,1,834.8401938,43559.88433,,,,,,,,,,,,,
5628,226,Homesite,1,1020.304814,43559.93593,,,,,,,,,,,,,
5629,227,Homesite,1,846.657724,43559.92511,,,,,,,,,,,,,
5630,229,Homesite,1,896.2247988,43559.97096,,,,,,,,,,,,,
5631,230,Homesite,1,839.7158053,43559.94584,,,,,,,,,,,,,
5632,232,Homesite,1,910.2455549,43559.99588,,,,,,,,,,,,,
5633,234,Homesite,2,1783.699334,87119.9412,,,,,,,,,,,,,
5634,235,Homesite,2,1732.476751,87120.04383,,,,,,,,,,,,,
5635,236,Homesite,1,821.1413385,43559.98729,,,,,,,,,,,,,
5636,237,Homesite,2,1690.055818,87119.90615,,,,,,,,,,,,,
5637,239,Homesite,1,823.647105,43560.09442,,,,,,,,,,,,,
5638,244,Homesite,1,902.0652993,43560.00654,,,,,,,,,,,,,
5639,248,Homesite,3,2537.609093,130680.0968,,,,,,,,,,,,,
5640,250,Homesite,1,1055.473118,43560.05176,,,,,,,,,,,,,
5641,252,Homesite,1,873.4079995,43559.94036,,,,,,,,,,,,,
5642,253,Homesite,2,1680.360812,87120.11802,,,,,,,,,,,,,
5643,255,Homesite,1,855.3117443,43559.9934,,,,,,,,,,,,,
5644,258,Homesite,1,834.8421623,43560.08975,,,,,,,,,,,,,
5645,267,Homesite,1,834.8401938,43559.88432,,,,,,,,,,,,,
5646,269,Homesite,2,1738.129714,87119.83285,,,,,,,,,,,,,
5647,271,Homesite,1,834.8481048,43559.98906,,,,,,,,,,,,,
5648,273,Homesite,1,912.3199756,43560.04161,,,,,,,,,,,,,
5649,274,Homesite,1,837.6674853,43560.00098,,,,,,,,,,,,,
5650,275,Homesite,1,949.9777953,43559.94684,,,,,,,,,,,,,
5651,276,Homesite,2,1717.19768,87121.45563,,,,,,,,,,,,,
5652,277,Homesite,1,870.6032456,43560.0034,,,,,,,,,,,,,
5653,279,Homesite,1,847.9900434,43559.99235,,,,,,,,,,,,,
5654,281,Homesite,1,834.8401938,43559.88433,,,,,,,,,,,,,
5655,282,Homesite,1,912.1112959,43559.96145,,,,,,,,,,,,,
5656,286,Homesite,1,882.7006814,43559.97833,,,,,,,,,,,,,
5657,287,Homesite,1,835.363429,43560.03297,,,,,,,,,,,,,
5658,291,Homesite,2,1669.682356,87119.97408,,,,,,,,,,,,,
5659,292,Homesite,2,1704.797772,87119.89392,,,,,,,,,,,,,
5660,294,Homesite,1,836.6607518,43559.98862,,,,,,,,,,,,,
5661,299,Homesite,1,820.6849838,43560.91329,,,,,,,,,,,,,
5662,302,Homesite,1,882.5973162,43559.97685,,,,,,,,,,,,,
5663,304,Homesite,2,1809.084641,87120.05859,,,,,,,,,,,,,
5664,309,Homesite,1,835.2514211,43560.00014,,,,,,,,,,,,,
5665,310,Homesite,1,838.398114,43559.98431,,,,,,,,,,,,,
5666,312,Homesite,1,834.8401938,43559.88433,,,,,,,,,,,,,
5667,314,Homesite,1,925.6488466,43559.95042,,,,,,,,,,,,,
5668,315,Homesite,1,834.8421623,43560.08975,,,,,,,,,,,,,
5669,317,Homesite,1,915.0598185,43560.02642,,,,,,,,,,,,,
5670,318,Homesite,1,892.8387442,43559.93041,,,,,,,,,,,,,
5671,320,Homesite,1,847.6421987,43560.02926,,,,,,,,,,,,,
5672,321,Homesite,1,858.4542268,43560.00153,,,,,,,,,,,,,
5673,324,Homesite,1,834.8421624,43560.13935,,,,,,,,,,,,,
5674,326,Homesite,2,1738.893013,87120.07414,,,,,,,,,,,,,
5675,329,Homesite,1,835.4507938,43559.94221,,,,,,,,,,,,,
5676,330,Homesite,1,845.2361962,43559.96951,,,,,,,,,,,,,
5677,331,Homesite,1,953.8713014,43559.96784,,,,,,,,,,,,,
5678,333,Homesite,1,835.5440555,43560.07902,,,,,,,,,,,,,
5679,335,Homesite,2,1723.657034,87119.9323,,,,,,,,,,,,,
5680,336,Homesite,1,847.4840621,43559.99826,,,,,,,,,,,,,
5681,340,Homesite,1,822.0800416,43559.97234,,,,,,,,,,,,,
5682,342,Homesite,1,987.5465161,43559.97803,,,,,,,,,,,,,
5683,343,Homesite,2,1732.19136,87119.96926,,,,,,,,,,,,,
5684,344,Homesite,1,834.8421624,43560.08975,,,,,,,,,,,,,
5685,347,Homesite,1,927.053264,43559.9442,,,,,,,,,,,,,
5686,349,Homesite,1,835.6800838,43560.01424,,,,,,,,,,,,,
5687,352,Homesite,1,860.8025701,43560.0534,,,,,,,,,,,,,
5688,359,Homesite,1,834.9442794,43559.93535,,,,,,,,,,,,,
5689,360,Homesite,1,1074.051569,43560.05086,,,,,,,,,,,,,
5690,361,Homesite,1,857.174905,43560.0128,,,,,,,,,,,,,
5691,368,Homesite,1,869.9857928,43560.04693,,,,,,,,,,,,,
5692,371,Homesite,1,843.6094737,43559.99442,,,,,,,,,,,,,
5693,373,Homesite,1,899.1729508,43560.02851,,,,,,,,,,,,,
5694,376,Homesite,1,856.4738888,43560.00596,,,,,,,,,,,,,
5695,377,Homesite,1,836.0009527,43681.09955,,,,,,,,,,,,,
5696,383,Homesite,1,834.8421623,43560.08975,,,,,,,,,,,,,
5697,384,Homesite,1,834.8421623,43560.08975,,,,,,,,,,,,,
5698,385,Homesite,1,959.3707846,43559.97303,,,,,,,,,,,,,
5699,389,Homesite,1,841.2530849,43560.027,,,,,,,,,,,,,
5700,390,Homesite,1,834.8401938,43559.88433,,,,,,,,,,,,,
5701,394,Homesite,1,841.4583669,43560.00719,,,,,,,,,,,,,
5702,400,Homesite,1,851.8472086,43560.01489,,,,,,,,,,,,,
5703,404,Homesite,1,1022.863218,43560.02201,,,,,,,,,,,,,
5704,406,Homesite,1,834.843013,43560.1,,,,,,,,,,,,,
5705,407,Homesite,1,834.8421623,43560.0555,,,,,,,,,,,,,
5706,409,Homesite,1,834.8401938,43559.88433,,,,,,,,,,,,,
5707,416,Homesite,2,1764.509665,87119.97868,,,,,,,,,,,,,
5708,419,Homesite,1,834.8401938,43559.88433,,,,,,,,,,,,,
5709,421,Homesite,1,844.9536907,43560.02323,,,,,,,,,,,,,
5710,422,Homesite,1,871.7434514,43560.04425,,,,,,,,,,,,,
5711,423,Homesite,2,1769.614852,87119.89982,,,,,,,,,,,,,
5712,424,Homesite,1,853.7815749,43560.03463,,,,,,,,,,,,,
5713,429,Homesite,1,847.1711737,43560.00256,,,,,,,,,,,,,
5714,430,Homesite,1,834.8421624,43560.08975,,,,,,,,,,,,,
5715,431,Homesite,1,974.8238386,43560.03705,,,,,,,,,,,,,
5716,433,Homesite,1,840.4551255,43560.0139,,,,,,,,,,,,,
5717,434,Homesite,1,844.4893032,43559.95362,,,,,,,,,,,,,
5718,437,Homesite,1,834.8421623,43560.08975,,,,,,,,,,,,,
5719,438,Homesite,1,853.2963873,43560.00593,,,,,,,,,,,,,
5720,439,Homesite,2,1533.305332,87120.07532,,,,,,,,,,,,,
5721,440,Homesite,1,846.8797247,43560.0217,,,,,,,,,,,,,
5722,442,Homesite,1,866.2351027,43559.97847,,,,,,,,,,,,,
5723,443,Homesite,2,1669.684325,87120.17951,,,,,,,,,,,,,
5724,444,Homesite,1,841.8609798,43560.67004,,,,,,,,,,,,,
5725,445,Homesite,1,835.0114534,43559.97332,,,,,,,,,,,,,
5726,448,Homesite,1,1004.957248,43560.02444,,,,,,,,,,,,,
5727,450,Homesite,1,845.9405653,43559.9085,,,,,,,,,,,,,
5728,451,Homesite,1,910.2289908,43559.98879,,,,,,,,,,,,,
5729,452,Homesite,1,1186.336039,43559.96092,,,,,,,,,,,,,
5730,453,Homesite,1,841.7615833,43559.97866,,,,,,,,,,,,,
5731,454,Homesite,1,834.8401938,43559.88433,,,,,,,,,,,,,
5732,455,Homesite,1,834.84085,43559.9528,,,,,,,,,,,,,
5733,462,Homesite,1,836.4319969,43560.01481,,,,,,,,,,,,,
5734,463,Homesite,1,861.3837492,43559.99941,,,,,,,,,,,,,
5735,464,Homesite,1,834.8401938,43559.88432,,,,,,,,,,,,,
5736,465,Homesite,1,960.8192776,43559.97222,,,,,,,,,,,,,
5737,466,Homesite,1,832.0053026,43560.03594,,,,,,,,,,,,,
5738,467,Homesite,1,934.1539458,43559.99365,,,,,,,,,,,,,
5739,470,Homesite,1,834.8395377,43559.87079,,,,,,,,,,,,,
5740,475,Homesite,1,922.2708137,43559.99796,,,,,,,,,,,,,
5741,476,Homesite,1,986.219584,43559.98993,,,,,,,,,,,,,
5742,477,Homesite,2,1680.23905,87120.06687,,,,,,,,,,,,,
5743,478,Homesite,1,883.3941241,43560.00204,,,,,,,,,,,,,
5744,479,Homesite,1,833.8379923,43559.99771,,,,,,,,,,,,,
5745,483,Homesite,1,886.3606544,43560.01017,,,,,,,,,,,,,
5746,485,Homesite,1,947.7367711,43559.99413,,,,,,,,,,,,,
5747,486,Homesite,1,849.5505326,43559.98011,,,,,,,,,,,,,
5748,487,Homesite,1,842.4679887,43560.00586,,,,,,,,,,,,,
5749,496,Homesite,2,1677.678403,87120.14858,,,,,,,,,,,,,
5750,497,Homesite,1,838.30484,43565.88554,,,,,,,,,,,,,
5751,502,Homesite,1,903.3717788,43560.00821,,,,,,,,,,,,,
5752,504,Homesite,1,861.7871439,43560.02356,,,,,,,,,,,,,
5753,505,Homesite,1,839.2103414,43559.99522,,,,,,,,,,,,,
5754,507,Homesite,1,834.8421623,43560.08975,,,,,,,,,,,,,
5755,508,Homesite,1,867.3913098,43559.95351,,,,,,,,,,,,,
5756,509,Homesite,2,1738.492776,87120.03602,,,,,,,,,,,,,
5757,512,Homesite,1,847.0976917,43559.97619,,,,,,,,,,,,,
5758,514,Homesite,2,1761.122567,87119.95708,,,,,,,,,,,,,
5759,516,Homesite,1,821.2631062,43559.95483,,,,,,,,,,,,,
5760,518,Homesite,1,834.8726302,43559.88173,,,,,,,,,,,,,
5761,519,Homesite,1,841.7801574,43559.94572,,,,,,,,,,,,,
5762,521,Homesite,1,837.0388501,43559.98474,,,,,,,,,,,,,
5763,525,Homesite,1,1063.001817,43560.0115,,,,,,,,,,,,,
5764,526,Homesite,1,956.8997431,43560.02973,,,,,,,,,,,,,
5765,527,Homesite,1,860.3473607,43559.92895,,,,,,,,,,,,,
5766,528,Homesite,1,836.25566,43559.98424,,,,,,,,,,,,,
5767,529,Homesite,1,834.8405219,43559.8981,,,,,,,,,,,,,
5768,530,Homesite,1,1554.209177,43560.06479,,,,,,,,,,,,,
5769,534,Homesite,1,842.3338846,43560.03988,,,,,,,,,,,,,
5770,535,Homesite,1,850.9359953,43560.03071,,,,,,,,,,,,,
5771,536,Homesite,1,864.0870984,43559.97924,,,,,,,,,,,,,
5772,537,Homesite,1,844.0282778,43560.03103,,,,,,,,,,,,,
5773,538,Homesite,1,840.254226,43560.02283,,,,,,,,,,,,,
5774,539,Homesite,1,865.3434137,43559.98931,,,,,,,,,,,,,
5775,541,Homesite,1,850.2605228,43560.01624,,,,,,,,,,,,,
5776,543,Homesite,1,875.4214775,43560.0113,,,,,,,,,,,,,
5777,544,Homesite,1,834.8421623,43560.08975,,,,,,,,,,,,,
5778,548,Homesite,1,834.8401938,43559.88433,,,,,,,,,,,,,
5779,550,Homesite,1,840.9437834,43560.04108,,,,,,,,,,,,,
5780,552,Homesite,1,855.9053311,43560.01817,,,,,,,,,,,,,
5781,560,Homesite,1,1067.113003,43560.03622,,,,,,,,,,,,,
5782,561,Homesite,1,1077.239496,43560.01014,,,,,,,,,,,,,
5783,563,Homesite,1,834.9978486,43559.97126,,,,,,,,,,,,,
5784,565,Homesite,1,839.175712,43560.03803,,,,,,,,,,,,,
5785,569,Homesite,1,834.8421623,43560.08975,,,,,,,,,,,,,
5786,570,Homesite,1,925.2133726,43560.04798,,,,,,,,,,,,,
5787,571,Homesite,1,880.1813105,43560.00491,,,,,,,,,,,,,
5788,574,Homesite,1,907.1175171,43560.01818,,,,,,,,,,,,,
5789,576,Homesite,1,930.7190273,43559.99062,,,,,,,,,,,,,
5790,578,Homesite,1,867.3462823,43560.0191,,,,,,,,,,,,,
5791,579,Homesite,1,834.8401938,43559.88432,,,,,,,,,,,,,
5792,583,Homesite,2,1758.301291,87120.07336,,,,,,,,,,,,,
5793,586,Homesite,2,1687.326678,87119.97365,,,,,,,,,,,,,
5794,587,Homesite,2,1800.341908,87119.99209,,,,,,,,,,,,,
5795,588,Homesite,1,842.6334387,43559.99539,,,,,,,,,,,,,
5796,589,Homesite,1,834.8421623,43560.08975,,,,,,,,,,,,,
5797,591,Homesite,1,834.8427644,43560.15816,,,,,,,,,,,,,
5798,593,Homesite,1,842.1639282,43559.95655,,,,,,,,,,,,,
5799,594,Homesite,2,1828.702051,87106.64593,,,,,,,,,,,,,
5800,596,Homesite,1,847.1412234,43559.97275,,,,,,,,,,,,,
5801,598,Homesite,1,963.0800948,43560.14207,,,,,,,,,,,,,
5802,605,Homesite,1,864.852833,43560.02029,,,,,,,,,,,,,
5803,606,Homesite,1,835.7109684,43560.02651,,,,,,,,,,,,,
5804,610,Homesite,1,834.8421624,43560.08975,,,,,,,,,,,,,
5805,615,Homesite,1,890.195642,43560.01147,,,,,,,,,,,,,
5806,616,Homesite,1,854.0449884,43559.9801,,,,,,,,,,,,,
5807,619,Homesite,1,860.4543797,43559.97233,,,,,,,,,,,,,
5808,621,Homesite,1,843.7614682,43559.96968,,,,,,,,,,,,,
5809,623,Homesite,1,844.77288,43559.96868,,,,,,,,,,,,,
5810,625,Homesite,1,856.7061919,43561.30033,,,,,,,,,,,,,
5811,626,Homesite,1,841.3834638,43560.00755,,,,,,,,,,,,,
5812,627,Homesite,1,942.5949121,43560.00797,,,,,,,,,,,,,
5813,630,Homesite,1,888.0001925,43559.96512,,,,,,,,,,,,,
5814,631,Homesite,1,821.9702466,43559.99074,,,,,,,,,,,,,
5815,633,Homesite,1,920.1226522,43560.05479,,,,,,,,,,,,,
5816,634,Homesite,2,1852.2194,87119.90079,,,,,,,,,,,,,
5817,637,Homesite,2,1693.604649,87121.30275,,,,,,,,,,,,,
5818,638,Homesite,1,822.4128923,43560.02374,,,,,,,,,,,,,
5819,639,Homesite,1,871.2413779,43560.00902,,,,,,,,,,,,,
5820,650,Homesite,1,845.8666769,43560.00035,,,,,,,,,,,,,
5821,652,Homesite,1,866.0172425,43559.94588,,,,,,,,,,,,,
5822,655,Homesite,1,995.4692064,43559.98138,,,,,,,,,,,,,
5823,656,Homesite,1,835.5725451,43560.98484,,,,,,,,,,,,,
5824,660,Homesite,1,1558.067576,43559.95606,,,,,,,,,,,,,
5825,662,Homesite,1,834.8416371,43559.98915,,,,,,,,,,,,,
5826,663,Homesite,1,833.4098487,43559.96021,,,,,,,,,,,,,
5827,664,Homesite,1,835.8021342,43560.10593,,,,,,,,,,,,,
5828,666,Homesite,1,934.5111195,43560.02176,,,,,,,,,,,,,
5829,668,Homesite,1,842.9462789,43559.99218,,,,,,,,,,,,,
5830,670,Homesite,2,1702.006137,87120.11972,,,,,,,,,,,,,
5831,674,Homesite,2,2148.465127,87119.97135,,,,,,,,,,,,,
5832,675,Homesite,1,834.8421623,43560.08975,,,,,,,,,,,,,
5833,679,Homesite,1,907.7566319,43560.02444,,,,,,,,,,,,,
5834,680,Homesite,1,853.7686337,43560.04782,,,,,,,,,,,,,
5835,681,Homesite,1,848.0349973,43560.02115,,,,,,,,,,,,,
5836,686,Homesite,1,834.8401938,43559.91385,,,,,,,,,,,,,
5837,687,Homesite,1,834.8367168,43559.95265,,,,,,,,,,,,,
5838,691,Homesite,2,1688.310064,87120.08823,,,,,,,,,,,,,
5839,692,Homesite,1,834.8421623,43560.08975,,,,,,,,,,,,,
5840,695,Homesite,1,854.0438942,43559.96638,,,,,,,,,,,,,
5841,696,Homesite,1,832.5170445,43559.97607,,,,,,,,,,,,,
5842,699,Homesite,1,834.8421623,43560.08975,,,,,,,,,,,,,
5843,700,Homesite,1,834.8401938,43559.88433,,,,,,,,,,,,,
5844,705,Homesite,1,906.6274518,43560.06344,,,,,,,,,,,,,
5845,706,Homesite,1,834.8694496,43559.95656,,,,,,,,,,,,,
5846,707,Homesite,1,834.8679903,43559.99411,,,,,,,,,,,,,
5847,712,Homesite,1,917.5705799,43560.03128,,,,,,,,,,,,,
5848,716,Homesite,1,834.8421623,43560.08975,,,,,,,,,,,,,
5849,719,Homesite,1,837.2129585,43559.96521,,,,,,,,,,,,,
5850,721,Homesite,1,835.4718886,43560.04585,,,,,,,,,,,,,
5851,722,Homesite,1,1073.50315,43559.89739,,,,,,,,,,,,,
5852,723,Homesite,1,841.4366683,43559.93924,,,,,,,,,,,,,
5853,724,Homesite,1,1498.511033,43560.02203,,,,,,,,,,,,,
5854,725,Homesite,1,922.4167903,43559.92482,,,,,,,,,,,,,
5855,729,Homesite,1,836.0232481,43560.03624,,,,,,,,,,,,,
5856,738,Homesite,1,852.6560232,43560.06517,,,,,,,,,,,,,
5857,742,Homesite,1,834.8421623,43560.08975,,,,,,,,,,,,,
5858,743,Homesite,1,834.8421623,43560.12614,,,,,,,,,,,,,
5859,746,Homesite,1,851.9305386,43559.96921,,,,,,,,,,,,,
5860,747,Homesite,1,843.181191,43560.0046,,,,,,,,,,,,,
5861,749,Homesite,1,834.8421623,43560.1209,,,,,,,,,,,,,
5862,752,Homesite,1,838.777585,43560.05924,,,,,,,,,,,,,
5863,753,Homesite,1,887.3044564,43560.01162,,,,,,,,,,,,,
5864,755,Homesite,1,869.8379241,43559.97962,,,,,,,,,,,,,
5865,759,Homesite,2,1676.404687,87119.93731,,,,,,,,,,,,,
5866,761,Homesite,1,891.5291738,43559.98777,,,,,,,,,,,,,
5867,766,Homesite,1,834.3049896,43559.99437,,,,,,,,,,,,,
5868,769,Homesite,1,834.428946,43559.99174,,,,,,,,,,,,,
5869,770,Homesite,1,1050.951766,43559.98808,,,,,,,,,,,,,
5870,771,Homesite,1,836.7890088,43560.04978,,,,,,,,,,,,,
5871,774,Homesite,1,834.8401938,43559.88432,,,,,,,,,,,,,
5872,777,Homesite,1,834.8421623,43560.11593,,,,,,,,,,,,,
5873,780,Homesite,1,827.1845592,43560.02581,,,,,,,,,,,,,
5874,781,Homesite,1,940.0203816,43560.01138,,,,,,,,,,,,,
5875,782,Homesite,1,847.9476811,43560.02195,,,,,,,,,,,,,
5876,784,Homesite,1,835.696979,43561.99289,,,,,,,,,,,,,
5877,788,Homesite,1,835.7803733,43559.93433,,,,,,,,,,,,,
5878,791,Homesite,1,820.5302901,43559.98451,,,,,,,,,,,,,
5879,795,Homesite,1,863.8026318,43560.02751,,,,,,,,,,,,,
5880,796,Homesite,2,1950.217422,87119.9577,,,,,,,,,,,,,
5881,797,Homesite,1,1009.175815,43560.05009,,,,,,,,,,,,,
5882,803,Homesite,1,818.0490162,43560.04977,,,,,,,,,,,,,
5883,804,Homesite,1,852.8962507,43560.00758,,,,,,,,,,,,,
5884,805,Homesite,1,894.5382941,43559.93521,,,,,,,,,,,,,
5885,810,Homesite,1,872.9174653,43560.05307,,,,,,,,,,,,,
5886,811,Homesite,1,834.8401938,43559.88433,,,,,,,,,,,,,
5887,819,Homesite,1,834.697759,43559.96894,,,,,,,,,,,,,
5888,822,Homesite,1,844.3231775,43560.00905,,,,,,,,,,,,,
5889,823,Homesite,1,834.8401938,43559.88432,,,,,,,,,,,,,
5890,828,Homesite,1,846.9628371,43560.0351,,,,,,,,,,,,,
5891,829,Homesite,4,3526.541401,174240.104,,,,,,,,,,,,,
5892,830,Homesite,1,843.2370592,43560.01868,,,,,,,,,,,,,
5893,833,Homesite,1,879.1307877,43560.05449,,,,,,,,,,,,,
5894,836,Homesite,1,841.3344881,43559.97593,,,,,,,,,,,,,
5895,841,Homesite,1,1000.155297,43560.00892,,,,,,,,,,,,,
5896,843,Homesite,1,997.0152727,43560.07615,,,,,,,,,,,,,
5897,845,Homesite,1,974.5606919,43560.00883,,,,,,,,,,,,,
5898,847,Homesite,1,834.8413016,43560.05664,,,,,,,,,,,,,
5899,848,Homesite,3,2725.268796,130679.9436,,,,,,,,,,,,,
5900,849,Homesite,1,834.8401938,43559.88433,,,,,,,,,,,,,
5901,851,Homesite,1,866.3888486,43559.95895,,,,,,,,,,,,,
5902,852,Homesite,2,1700.892685,87119.92036,,,,,,,,,,,,,
5903,858,Homesite,1,979.8482328,43559.95082,,,,,,,,,,,,,
5904,859,Homesite,1,869.2826128,43559.95757,,,,,,,,,,,,,
5905,862,Homesite,1,834.8421624,43560.12399,,,,,,,,,,,,,
5906,864,Homesite,1,834.8421624,43560.1097,,,,,,,,,,,,,
5907,865,Homesite,1,889.5139437,43559.99194,,,,,,,,,,,,,
5908,869,Homesite,1,834.8421623,43560.08975,,,,,,,,,,,,,
5909,871,Homesite,2,1690.835894,87120.6013,,,,,,,,,,,,,
5910,872,Homesite,1,835.9497717,43560.04108,,,,,,,,,,,,,
5911,876,Homesite,1,841.6883994,43560.02692,,,,,,,,,,,,,
5912,877,Homesite,1,864.020045,43559.97107,,,,,,,,,,,,,
5913,881,Homesite,1,834.8401938,43559.88433,,,,,,,,,,,,,
5914,882,Homesite,1,840.7796696,43560.04678,,,,,,,,,,,,,
5915,884,Homesite,1,861.7175053,43560.01579,,,,,,,,,,,,,
5916,886,Homesite,1,821.0753818,43559.96445,,,,,,,,,,,,,
5917,887,Homesite,1,852.6839766,43560.06084,,,,,,,,,,,,,
5918,888,Homesite,1,834.8401939,43559.88433,,,,,,,,,,,,,
5919,889,Homesite,1,844.8843707,43560.04108,,,,,,,,,,,,,
5920,891,Homesite,1,839.3403979,43560.01179,,,,,,,,,,,,,
5921,892,Homesite,1,834.8421623,43560.08975,,,,,,,,,,,,,
5922,894,Homesite,1,834.8403683,43559.918,,,,,,,,,,,,,
5923,895,Homesite,1,834.9119723,43560.04017,,,,,,,,,,,,,
5924,897,Homesite,1,1057.075527,43560.02801,,,,,,,,,,,,,
5925,898,Homesite,1,841.739165,43560.03149,,,,,,,,,,,,,
5926,899,Homesite,1,858.8400015,43560.03932,,,,,,,,,,,,,
5927,903,Homesite,1,840.2948789,43559.92518,,,,,,,,,,,,,
5928,904,Homesite,1,881.6766608,43560.02419,,,,,,,,,,,,,
5929,908,Homesite,1,855.2887379,43560.01214,,,,,,,,,,,,,
5930,910,Homesite,1,934.5452935,43559.95525,,,,,,,,,,,,,
5931,919,Homesite,1,896.592695,43560.01171,,,,,,,,,,,,,
5932,922,Homesite,1,834.8401938,43559.88433,,,,,,,,,,,,,
5933,925,Homesite,1,836.1921459,43560.05087,,,,,,,,,,,,,
5934,929,Homesite,1,834.84085,43559.89279,,,,,,,,,,,,,
5935,934,Homesite,1,835.0961524,43560.01667,,,,,,,,,,,,,
5936,937,Homesite,1,837.4594825,43559.94221,,,,,,,,,,,,,
5937,940,Homesite,1,1080.210485,43560.02036,,,,,,,,,,,,,
5938,942,Homesite,1,834.8398657,43559.87582,,,,,,,,,,,,,
5939,947,Homesite,1,890.3381143,43559.89927,,,,,,,,,,,,,
5940,952,Homesite,1,834.8421623,43560.08975,,,,,,,,,,,,,
5941,955,Homesite,1,834.8421623,43560.12399,,,,,,,,,,,,,
5942,956,Homesite,2,1670.028083,87119.94668,,,,,,,,,,,,,
5943,959,Homesite,1,957.4009723,43559.95095,,,,,,,,,,,,,
5944,960,Homesite,1,865.1820979,43560.01393,,,,,,,,,,,,,
5945,962,Homesite,1,970.4034368,43559.9653,,,,,,,,,,,,,
5946,967,Homesite,1,834.222105,43559.9952,,,,,,,,,,,,,
5947,969,Homesite,1,863.041655,43559.98193,,,,,,,,,,,,,
5948,970,Homesite,1,834.8428185,43560.13126,,,,,,,,,,,,,
5949,971,Homesite,1,956.1523557,43559.99964,,,,,,,,,,,,,
5950,972,Homesite,1,897.0016491,43559.99231,,,,,,,,,,,,,
5951,974,Homesite,1,834.8421623,43560.08975,,,,,,,,,,,,,
5952,976,Homesite,1,834.8421623,43560.08975,,,,,,,,,,,,,
5953,980,Homesite,1,815.6984642,43559.96242,,,,,,,,,,,,,
5954,982,Homesite,1,846.6449998,43560.05527,,,,,,,,,,,,,
5955,983,Homesite,1,907.6273195,43559.98,,,,,,,,,,,,,
5956,994,Homesite,1,834.8421624,43560.08975,,,,,,,,,,,,,
5957,997,Homesite,1,866.8493161,43560.03388,,,,,,,,,,,,,
5958,1004,Homesite,2,1807.954612,87120.09364,,,,,,,,,,,,,
5959,1011,Homesite,2,1685.440367,87120.02424,,,,,,,,,,,,,
5960,1012,Homesite,1,835.0295243,43559.99371,,,,,,,,,,,,,
5961,1015,Homesite,1,881.2469502,43559.98026,,,,,,,,,,,,,
5962,1016,Homesite,1,834.8421623,43560.08975,,,,,,,,,,,,,
5963,1017,Homesite,1,847.6612802,43560.0091,,,,,,,,,,,,,
5964,1020,Homesite,1,855.238447,43560.05175,,,,,,,,,,,,,
5965,1021,Homesite,1,940.4471364,43560.03028,,,,,,,,,,,,,
5966,1023,Homesite,3,2814.77447,130680.0272,,,,,,,,,,,,,
5967,1025,Homesite,1,941.9950961,43560.01985,,,,,,,,,,,,,
5968,1028,Homesite,1,827.81961,43560.03136,,,,,,,,,,,,,
5969,1030,Homesite,1,834.8401938,43559.88432,,,,,,,,,,,,,
5970,1031,Homesite,1,939.6080071,43559.98684,,,,,,,,,,,,,
5971,1034,Homesite,1,851.0835003,43560.03129,,,,,,,,,,,,,
5972,1035,Homesite,1,835.4764645,43559.96658,,,,,,,,,,,,,
5973,1037,Homesite,1,834.8421623,43560.08975,,,,,,,,,,,,,
5974,1038,Homesite,1,1061.326747,43560.02801,,,,,,,,,,,,,
5975,1047,Homesite,1,921.6456113,43559.96033,,,,,,,,,,,,,
5976,1050,Homesite,1,841.132523,43560.03753,,,,,,,,,,,,,
5977,1053,Homesite,1,865.0765785,43559.99568,,,,,,,,,,,,,
5978,1054,Homesite,1,838.060635,43559.9744,,,,,,,,,,,,,
5979,1055,Homesite,1,834.8421623,43560.08975,,,,,,,,,,,,,
5980,1056,Homesite,1,850.1168227,43560.0184,,,,,,,,,,,,,
5981,1059,Homesite,1,958.6663694,43560.03309,,,,,,,,,,,,,
5982,1067,Homesite,2,1750.552159,87119.90306,,,,,,,,,,,,,
5983,1071,Homesite,1,834.8401938,43559.88432,,,,,,,,,,,,,
5984,1074,Homesite,1,834.8401938,43559.88432,,,,,,,,,,,,,
5985,1075,Homesite,1,820.6438407,43560.04636,,,,,,,,,,,,,
5986,1079,Homesite,1,834.8862521,43560.04447,,,,,,,,,,,,,
5987,1080,Homesite,1,838.7443596,43560.9541,,,,,,,,,,,,,
5988,1081,Homesite,1,923.643822,43560.05018,,,,,,,,,,,,,
5989,1084,Homesite,1,836.2642903,43560.05814,,,,,,,,,,,,,
5990,1087,Homesite,3,2563.225183,130679.838,,,,,,,,,,,,,
5991,1088,Homesite,1,872.1898707,43560.01037,,,,,,,,,,,,,
5992,1090,Homesite,1,983.1405543,43560.00037,,,,,,,,,,,,,
5993,1091,Homesite,1,835.2903242,43559.98983,,,,,,,,,,,,,
5994,1092,Homesite,1,821.4263436,43559.9825,,,,,,,,,,,,,
5995,1093,Homesite,1,895.930456,43560.01204,,,,,,,,,,,,,
5996,1096,Homesite,1,971.7476154,43559.89185,,,,,,,,,,,,,
5997,1097,Homesite,1,834.8401938,43559.88433,,,,,,,,,,,,,
5998,1098,Homesite,1,869.305348,43560.01362,,,,,,,,,,,,,
5999,1106,Homesite,1,946.2678462,43560.013,,,,,,,,,,,,,
6000,1108,Homesite,2,1863.949875,87119.98408,,,,,,,,,,,,,
6001,1109,Homesite,1,834.84085,43559.9528,,,,,,,,,,,,,
6002,1110,Homesite,2,1984.782724,87120.14194,,,,,,,,,,,,,
6003,1115,Homesite,1,848.7058516,43559.95639,,,,,,,,,,,,,
6004,1118,Homesite,1,822.5291615,43559.95632,,,,,,,,,,,,,
6005,1121,Homesite,1,1137.423861,43560.03174,,,,,,,,,,,,,
6006,1122,Homesite,1,834.8421623,43560.08975,,,,,,,,,,,,,
6007,1125,Homesite,1,834.8421624,43560.29347,,,,,,,,,,,,,
6008,1127,Homesite,1,834.8782515,43559.99062,,,,,,,,,,,,,
6009,1132,Homesite,1,834.8401938,43559.88433,,,,,,,,,,,,,
6010,1134,Homesite,1,821.1561052,43562.13786,,,,,,,,,,,,,
6011,1139,Homesite,1,825.7750897,43560.00245,,,,,,,,,,,,,
6012,1141,Homesite,1,935.1825128,43559.9719,,,,,,,,,,,,,
6013,1142,Homesite,2,1716.422213,87120.08798,,,,,,,,,,,,,
6014,1143,Homesite,1,987.0978265,43559.99394,,,,,,,,,,,,,
6015,1144,Homesite,2,1697.432957,87119.98144,,,,,,,,,,,,,
6016,1145,Homesite,1,834.8401938,43559.88433,,,,,,,,,,,,,
6017,1146,Homesite,1,953.33743,43559.9427,,,,,,,,,,,,,
6018,1147,Homesite,1,841.7375437,43559.99732,,,,,,,,,,,,,
6019,1149,Homesite,1,1026.760616,43559.93032,,,,,,,,,,,,,
6020,1152,Homesite,1,861.801426,43559.88139,,,,,,,,,,,,,
6021,1153,Homesite,1,945.3963857,43560.05591,,,,,,,,,,,,,
6022,1155,Homesite,1,834.8401938,43559.88433,,,,,,,,,,,,,
6023,1158,Homesite,1,825.6335668,43560.02638,,,,,,,,,,,,,
6024,1161,Homesite,1,834.84085,43559.9528,,,,,,,,,,,,,
6025,1162,Homesite,2,1772.186438,87120.00873,,,,,,,,,,,,,
6026,1164,Homesite,1,944.5355037,43560.00624,,,,,,,,,,,,,
6027,1168,Homesite,2,2432.147826,87119.89102,,,,,,,,,,,,,
6028,1169,Homesite,1,841.307633,43560.01928,,,,,,,,,,,,,
6029,1170,Homesite,2,1870.014152,87120.02676,,,,,,,,,,,,,
6030,1173,Homesite,1,819.970647,43559.98447,,,,,,,,,,,,,
6031,1176,Homesite,2,1742.635998,87120.03861,,,,,,,,,,,,,
6032,1181,Homesite,1,945.3481408,43560.00862,,,,,,,,,,,,,
6033,1182,Homesite,1,835.3104528,43560.06121,,,,,,,,,,,,,
6034,1184,Homesite,1,961.6342307,43560.07599,,,,,,,,,,,,,
6035,1186,Homesite,1,1223.02904,43560.22231,,,,,,,,,,,,,
6036,1192,Homesite,1,834.8421623,43560.08975,,,,,,,,,,,,,
6037,1197,Homesite,2,1674.577067,87120.0262,,,,,,,,,,,,,
6038,1198,Homesite,1,834.8421623,43560.08975,,,,,,,,,,,,,
6039,1199,Homesite,1,914.2970313,43559.9964,,,,,,,,,,,,,
6040,1202,Homesite,1,851.0383241,43559.89639,,,,,,,,,,,,,
6041,1203,Homesite,1,851.7779636,43560.03756,,,,,,,,,,,,,
6042,1205,Homesite,3,2516.893487,130680.0198,,,,,,,,,,,,,
6043,1206,Homesite,1,823.0385213,43560.48672,,,,,,,,,,,,,
6044,1212,Homesite,1,902.8323688,43560.03692,,,,,,,,,,,,,
6045,1214,Homesite,1,834.8421623,43560.08975,,,,,,,,,,,,,
6046,1217,Homesite,1,837.9583024,43560.02639,,,,,,,,,,,,,
6047,1218,Homesite,1,870.9260797,43559.97837,,,,,,,,,,,,,
6048,1220,Homesite,1,850.3789112,43560.04588,,,,,,,,,,,,,
6049,1221,Homesite,1,935.9302923,43560.03125,,,,,,,,,,,,,
6050,1222,Homesite,1,863.309297,43560.01776,,,,,,,,,,,,,
6051,1223,Homesite,1,834.84085,43559.9528,,,,,,,,,,,,,
6052,1224,Homesite,1,842.6146772,43559.96561,,,,,,,,,,,,,
6053,1229,Homesite,1,978.5335448,43559.99163,,,,,,,,,,,,,
6054,1230,Homesite,1,829.6535579,43560.04283,,,,,,,,,,,,,
6055,1232,Homesite,1,834.8421623,43560.08975,,,,,,,,,,,,,
6056,1237,Homesite,1,834.8421623,43560.08975,,,,,,,,,,,,,
6057,1239,Homesite,1,847.7742663,43559.97411,,,,,,,,,,,,,
6058,1241,Homesite,1,969.1393224,43560.08924,,,,,,,,,,,,,
6059,1247,Homesite,1,835.236175,43559.98705,,,,,,,,,,,,,
6060,1249,Homesite,1,832.1041643,43560.00092,,,,,,,,,,,,,
6061,1250,Homesite,1,985.3362867,43560.00608,,,,,,,,,,,,,
6062,1251,Homesite,1,838.9370912,43559.93581,,,,,,,,,,,,,
6063,1252,Homesite,1,834.8421623,43560.08975,,,,,,,,,,,,,
6064,1256,Homesite,1,843.0643961,43560.01986,,,,,,,,,,,,,
6065,1260,Homesite,1,834.8401938,43559.88433,,,,,,,,,,,,,
6066,1262,Homesite,1,864.5540452,43560.01321,,,,,,,,,,,,,
6067,1263,Homesite,1,914.8663479,43560.06043,,,,,,,,,,,,,
6068,1264,Homesite,1,1114.569541,43560.01129,,,,,,,,,,,,,
6069,1266,Homesite,2,1669.961228,87120.07381,,,,,,,,,,,,,
6070,1269,Homesite,1,834.8428185,43560.12493,,,,,,,,,,,,,
6071,1270,Homesite,1,833.2209989,43559.90022,,,,,,,,,,,,,
6072,1271,Homesite,2,1735.509652,87119.92103,,,,,,,,,,,,,
6073,1274,Homesite,1,834.8401938,43559.88433,,,,,,,,,,,,,
6074,1275,Homesite,1,885.482481,43559.9569,,,,,,,,,,,,,
6075,1276,Homesite,1,946.3708107,43559.9241,,,,,,,,,,,,,
6076,1278,Homesite,1,878.0303962,43560.02841,,,,,,,,,,,,,
6077,1282,Homesite,1,834.8401938,43559.88433,,,,,,,,,,,,,
6078,1283,Homesite,2,1677.454475,87118.76461,,,,,,,,,,,,,
6079,1284,Homesite,1,921.610758,43560.01547,,,,,,,,,,,,,
6080,1286,Homesite,1,834.8421624,43560.12862,,,,,,,,,,,,,
6081,1287,Homesite,1,996.3552634,43560.03668,,,,,,,,,,,,,
6082,1289,Homesite,1,821.3672845,43559.99858,,,,,,,,,,,,,
6083,1292,Homesite,1,865.4477442,43559.92755,,,,,,,,,,,,,
6084,1294,Homesite,1,834.8401938,43559.88433,,,,,,,,,,,,,
6085,1295,Homesite,1,995.4630818,43560.01607,,,,,,,,,,,,,
6086,1296,Homesite,1,834.8421623,43560.08975,,,,,,,,,,,,,
6087,1300,Homesite,1,892.1839664,43560.05928,,,,,,,,,,,,,
6088,1304,Homesite,1,836.9773049,43559.91332,,,,,,,,,,,,,
6089,1306,Homesite,1,834.8401938,43559.91856,,,,,,,,,,,,,
6090,1309,Homesite,1,834.6079432,43559.981,,,,,,,,,,,,,
6091,1310,Homesite,1,835.0614081,43560.00237,,,,,,,,,,,,,
6092,1311,Homesite,1,890.2941512,43559.95456,,,,,,,,,,,,,
6093,1313,Homesite,1,947.1664811,43560.022,,,,,,,,,,,,,
6094,1318,Homesite,2,1737.945343,87119.88866,,,,,,,,,,,,,
6095,1322,Homesite,1,990.7030912,43560.02772,,,,,,,,,,,,,
6096,1324,Homesite,1,852.0333874,43560.05823,,,,,,,,,,,,,
6097,1328,Homesite,1,834.8421623,43560.08975,,,,,,,,,,,,,
6098,1329,Homesite,1,849.352632,43560.06944,,,,,,,,,,,,,
6099,1331,Homesite,1,834.8421623,43560.08975,,,,,,,,,,,,,
6100,1337,Homesite,1,1524.384617,43560.05081,,,,,,,,,,,,,
6101,1341,Homesite,1,918.0880589,43560.04772,,,,,,,,,,,,,
6102,1344,Homesite,1,896.7475854,43560.05843,,,,,,,,,,,,,
6103,1347,Homesite,1,834.8401938,43559.88433,,,,,,,,,,,,,
6104,1348,Homesite,1,923.217235,43559.9711,,,,,,,,,,,,,
6105,1359,Homesite,1,836.1395118,43559.99463,,,,,,,,,,,,,
6106,1360,Homesite,1,968.8951151,43560.01632,,,,,,,,,,,,,
6107,1364,Homesite,1,831.559563,43560.27112,,,,,,,,,,,,,
6108,1365,Homesite,1,906.0392634,43559.95796,,,,,,,,,,,,,
6109,1366,Homesite,1,853.2583705,43559.95076,,,,,,,,,,,,,
6110,1376,Homesite,1,838.3544542,43560.2644,,,,,,,,,,,,,
6111,1377,Homesite,1,875.4101727,43559.98913,,,,,,,,,,,,,
6112,1378,Homesite,1,835.3039205,43560.07073,,,,,,,,,,,,,
6113,1380,Homesite,1,1431.848933,43559.94811,,,,,,,,,,,,,
6114,1381,Homesite,1,834.8401938,43559.88433,,,,,,,,,,,,,
6115,1383,Homesite,1,834.8401938,43559.88432,,,,,,,,,,,,,
6116,1385,Homesite,1,883.1245062,43559.98111,,,,,,,,,,,,,
6117,1386,Homesite,1,860.6918482,43559.96712,,,,,,,,,,,,,
6118,1391,Homesite,1,849.9523683,43559.89769,,,,,,,,,,,,,
6119,1393,Homesite,1,1118.32671,43559.98285,,,,,,,,,,,,,
6120,1394,Homesite,1,835.3451806,43560.52909,,,,,,,,,,,,,
6121,1396,Homesite,1,849.0794889,43559.98563,,,,,,,,,,,,,
6122,1399,Homesite,1,913.1480158,43559.9934,,,,,,,,,,,,,
6123,1400,Homesite,1,834.8421624,43560.08975,,,,,,,,,,,,,
6124,1402,Homesite,1,834.8421623,43560.12172,,,,,,,,,,,,,
6125,1404,Homesite,1,841.3242104,43560.04896,,,,,,,,,,,,,
6126,1405,Homesite,1,830.0301316,43560.01924,,,,,,,,,,,,,
6127,1409,Homesite,1,913.4482135,43560.00724,,,,,,,,,,,,,
6128,1412,Homesite,1,837.1310203,43560.94433,,,,,,,,,,,,,
6129,1414,Homesite,1,854.6392589,43560.06056,,,,,,,,,,,,,
6130,1416,Homesite,1,982.9404563,43560.52125,,,,,,,,,,,,,
6131,1418,Homesite,2,1736.841906,87120.08068,,,,,,,,,,,,,
6132,1422,Homesite,2,1800.784305,87119.93151,,,,,,,,,,,,,
6133,1424,Homesite,1,894.6956294,43560.00921,,,,,,,,,,,,,
6134,1428,Homesite,1,844.3471295,43559.96021,,,,,,,,,,,,,
6135,1432,Homesite,1,878.9938453,43560.01773,,,,,,,,,,,,,
6136,1434,Homesite,1,873.1905108,43559.90713,,,,,,,,,,,,,
6137,1440,Homesite,1,834.8421624,43560.08975,,,,,,,,,,,,,
6138,1441,Homesite,1,1062.58169,43559.97708,,,,,,,,,,,,,
6139,1443,Homesite,1,904.8072455,43560.02216,,,,,,,,,,,,,
6140,1445,Homesite,1,845.4482379,43560.41248,,,,,,,,,,,,,
6141,1447,Homesite,1,1086.629717,43560.05865,,,,,,,,,,,,,
6142,1448,Homesite,1,850.0695033,43559.95535,,,,,,,,,,,,,
6143,1451,Homesite,1,863.2028621,43559.96487,,,,,,,,,,,,,
6144,1452,Homesite,1,809.0797261,43560.00506,,,,,,,,,,,,,
6145,1456,Homesite,1,834.8401938,43559.88433,,,,,,,,,,,,,
6146,1461,Homesite,1,1060.794717,43560.0826,,,,,,,,,,,,,
6147,1462,Homesite,2,1688.918878,87120.00394,,,,,,,,,,,,,
6148,1466,Homesite,1,825.4695658,43560.02436,,,,,,,,,,,,,
6149,1467,Homesite,2,1675.415624,87120.03813,,,,,,,,,,,,,
6150,1468,Homesite,1,909.9188034,43560.02761,,,,,,,,,,,,,
6151,1470,Homesite,1,844.7455146,43559.98437,,,,,,,,,,,,,
6152,1472,Homesite,1,1027.745325,43560.05861,,,,,,,,,,,,,
6153,1477,Homesite,1,874.3998344,43560.02035,,,,,,,,,,,,,
6154,1478,Homesite,1,1205.552323,43559.97406,,,,,,,,,,,,,
6155,1479,Homesite,1,834.8624506,43560.82185,,,,,,,,,,,,,
6156,1480,Homesite,1,835.0744453,43559.93645,,,,,,,,,,,,,
6157,1484,Homesite,1,834.8421623,43560.08975,,,,,,,,,,,,,
6158,1487,Homesite,1,901.8502627,43560.01738,,,,,,,,,,,,,
6159,1493,Homesite,1,985.2779257,43559.94555,,,,,,,,,,,,,
6160,1494,Homesite,1,850.8284605,43560.02919,,,,,,,,,,,,,
6161,1495,Homesite,1,842.4391431,43559.98672,,,,,,,,,,,,,
6162,1498,Homesite,1,835.8335946,43560.02819,,,,,,,,,,,,,
6163,1500,Homesite,1,904.6119815,43559.99985,,,,,,,,,,,,,
6164,1503,Homesite,1,834.643297,43560.01115,,,,,,,,,,,,,
6165,1506,Homesite,1,847.3607087,43559.99286,,,,,,,,,,,,,
6166,1507,Homesite,1,835.1260139,43559.99002,,,,,,,,,,,,,
6167,1508,Homesite,1,850.7910443,43560.00902,,,,,,,,,,,,,
6168,1511,Homesite,1,835.3398278,43560.35184,,,,,,,,,,,,,
6169,1512,Homesite,1,1558.239619,43560.00759,,,,,,,,,,,,,
6170,1514,Homesite,1,901.0083638,43560.02001,,,,,,,,,,,,,
6171,1516,Homesite,1,834.8421623,43560.08975,,,,,,,,,,,,,
6172,1518,Homesite,1,905.5692171,43559.99359,,,,,,,,,,,,,
6173,1519,Homesite,1,834.8421624,43560.08975,,,,,,,,,,,,,
6174,1524,Homesite,1,845.0695231,43559.9862,,,,,,,,,,,,,
6175,1526,Homesite,1,834.8401938,43559.88433,,,,,,,,,,,,,
6176,1530,Homesite,1,956.4226768,43560.00384,,,,,,,,,,,,,
6177,1532,Homesite,1,817.3643268,43560.02217,,,,,,,,,,,,,
6178,1533,Homesite,1,841.5910843,43559.98333,,,,,,,,,,,,,
6179,1534,Homesite,1,859.153463,43560.05039,,,,,,,,,,,,,
6180,1535,Homesite,1,1117.19338,43559.95754,,,,,,,,,,,,,
6181,1537,Homesite,1,1047.109182,43560.04769,,,,,,,,,,,,,
6182,1538,Homesite,1,834.8401938,43559.88432,,,,,,,,,,,,,
6183,1542,Homesite,4,3467.116653,174239.8817,,,,,,,,,,,,,
6184,1544,Homesite,1,834.8408502,43559.88478,,,,,,,,,,,,,
6185,1545,Homesite,1,834.8421623,43560.08975,,,,,,,,,,,,,
6186,1546,Homesite,1,834.9120524,43559.97645,,,,,,,,,,,,,
6187,1547,Homesite,1,850.87521,43560.07815,,,,,,,,,,,,,
6188,1549,Homesite,1,858.9263642,43560.04013,,,,,,,,,,,,,
6189,1553,Homesite,1,886.6196178,43560.09398,,,,,,,,,,,,,
6190,1554,Homesite,1,819.5608875,43559.93188,,,,,,,,,,,,,
6191,1555,Homesite,1,947.7256213,43559.99092,,,,,,,,,,,,,
6192,1558,Homesite,1,985.4520974,43560.10137,,,,,,,,,,,,,
6193,1559,Homesite,2,1415.222235,87119.80308,,,,,,,,,,,,,
6194,1562,Homesite,1,954.2157604,43560.00744,,,,,,,,,,,,,
6195,1563,Homesite,1,911.4593481,43559.96881,,,,,,,,,,,,,
6196,1564,Homesite,1,835.3953088,43559.98496,,,,,,,,,,,,,
6197,1570,Homesite,1,834.8401938,43559.88433,,,,,,,,,,,,,
6198,1573,Homesite,2,1180.643964,87120.01063,,,,,,,,,,,,,
6199,1576,Homesite,1,831.5846697,43560.00166,,,,,,,,,,,,,
6200,1578,Homesite,1,834.8419468,43560.08587,,,,,,,,,,,,,
6201,1581,Homesite,1,1070.240012,43560.00947,,,,,,,,,,,,,
6202,1583,Homesite,1,835.1241247,43559.98215,,,,,,,,,,,,,
6203,1584,Homesite,1,834.8401939,43559.88433,,,,,,,,,,,,,
6204,1591,Homesite,2,1747.495416,87120.01206,,,,,,,,,,,,,
6205,1597,Homesite,1,834.9652327,43559.9936,,,,,,,,,,,,,
6206,1602,Homesite,1,882.1313165,43559.98553,,,,,,,,,,,,,
6207,1605,Homesite,1,834.8425968,43560.10424,,,,,,,,,,,,,
6208,1607,Homesite,1,834.8403278,43559.86796,,,,,,,,,,,,,
6209,1610,Homesite,2,1777.996697,87119.98473,,,,,,,,,,,,,
6210,1612,Homesite,1,831.7176058,43560.08703,,,,,,,,,,,,,
6211,1614,Homesite,1,835.1401815,43560.00706,,,,,,,,,,,,,
6212,1616,Homesite,1,1063.111143,43559.99339,,,,,,,,,,,,,
6213,1619,Homesite,1,849.5231207,43560.05618,,,,,,,,,,,,,
6214,1621,Homesite,1,834.8401938,43559.88433,,,,,,,,,,,,,
6215,1622,Homesite,1,958.624118,43559.99506,,,,,,,,,,,,,
6216,1624,Homesite,1,874.7429201,43559.95169,,,,,,,,,,,,,
6217,1625,Homesite,1,849.3281762,43560.03813,,,,,,,,,,,,,
6218,1626,Homesite,1,834.8421623,43560.08975,,,,,,,,,,,,,
6219,1627,Homesite,1,845.7169853,43560.02596,,,,,,,,,,,,,
6220,1630,Homesite,3,2700.002484,130680.0165,,,,,,,,,,,,,
6221,1635,Homesite,1,835.5806707,43559.95867,,,,,,,,,,,,,
6222,1636,Homesite,1,837.0529046,43560.00348,,,,,,,,,,,,,
6223,1638,Homesite,1,852.171524,43560.0225,,,,,,,,,,,,,
6224,1640,Homesite,1,871.1938013,43560.00329,,,,,,,,,,,,,
6225,1641,Homesite,1,890.6740717,43560.03195,,,,,,,,,,,,,
6226,1643,Homesite,1,852.0562154,43559.97895,,,,,,,,,,,,,
6227,1644,Homesite,1,836.6073092,43560.00838,,,,,,,,,,,,,
6228,1645,Homesite,1,942.853256,43559.93276,,,,,,,,,,,,,
6229,1647,Homesite,1,845.560007,43560.05846,,,,,,,,,,,,,
6230,1648,Homesite,1,877.9425086,43559.99291,,,,,,,,,,,,,
6231,1653,Homesite,1,956.6006008,43560.03207,,,,,,,,,,,,,
6232,1655,Homesite,1,834.8401938,43559.88433,,,,,,,,,,,,,
6233,1656,Homesite,1,834.8424904,43560.11746,,,,,,,,,,,,,
6234,1659,Homesite,2,1669.39324,87120.03169,,,,,,,,,,,,,
6235,1660,Homesite,1,836.1875526,43560.04087,,,,,,,,,,,,,
6236,1665,Homesite,1,834.8421623,43560.08975,,,,,,,,,,,,,
6237,1666,Homesite,1,847.9595901,43559.95799,,,,,,,,,,,,,
6238,1668,Homesite,1,964.8094132,43559.9971,,,,,,,,,,,,,
6239,1670,Homesite,1,838.5389727,43560.06995,,,,,,,,,,,,,
6240,1671,Homesite,1,819.7694673,43559.97634,,,,,,,,,,,,,
6241,1674,Homesite,1,845.0381586,43559.97833,,,,,,,,,,,,,
6242,1676,Homesite,1,834.8421623,43560.08975,,,,,,,,,,,,,
6243,1679,Homesite,1,893.8595783,43559.96985,,,,,,,,,,,,,
6244,1681,Homesite,1,1121.828557,43559.99127,,,,,,,,,,,,,
6245,1690,Homesite,1,959.6306107,43560.07597,,,,,,,,,,,,,
6246,1691,Homesite,1,834.8421624,43560.08975,,,,,,,,,,,,,
6247,1696,Homesite,1,856.100125,43560.0257,,,,,,,,,,,,,
6248,1697,Homesite,1,914.6435703,43560.01393,,,,,,,,,,,,,
6249,1698,Homesite,1,1077.815815,43560.01605,,,,,,,,,,,,,
6250,1701,Homesite,1,839.283703,43560.00114,,,,,,,,,,,,,
6251,1706,Homesite,1,834.8421623,43560.08975,,,,,,,,,,,,,
6252,1707,Homesite,1,834.8708376,43560.56947,,,,,,,,,,,,,
6253,1709,Homesite,1,834.84085,43559.9528,,,,,,,,,,,,,
6254,1710,Homesite,1,835.0715326,43559.98574,,,,,,,,,,,,,
6255,1722,Homesite,1,848.7520061,43559.99894,,,,,,,,,,,,,
6256,1724,Homesite,1,834.9907117,43559.96828,,,,,,,,,,,,,
6257,1726,Homesite,1,886.1255243,43560.09128,,,,,,,,,,,,,
6258,1728,Homesite,1,855.1234173,43560.00315,,,,,,,,,,,,,
6259,1729,Homesite,1,975.2904151,43559.98382,,,,,,,,,,,,,
6260,1730,Homesite,1,843.7086528,43560.06982,,,,,,,,,,,,,
6261,1733,Homesite,1,970.280751,43560.01345,,,,,,,,,,,,,
6262,1734,Homesite,1,924.1621937,43559.92666,,,,,,,,,,,,,
6263,1736,Homesite,1,834.8395377,43559.87751,,,,,,,,,,,,,
6264,1738,Homesite,2,1724.627603,87120.2967,,,,,,,,,,,,,
6265,1739,Homesite,1,957.0760935,43560.03128,,,,,,,,,,,,,
6266,1740,Homesite,1,834.8421623,43560.08975,,,,,,,,,,,,,
6267,1741,Homesite,1,839.1368441,43560.02811,,,,,,,,,,,,,
6268,1742,Homesite,1,834.8401938,43559.88432,,,,,,,,,,,,,
6269,1744,Homesite,1,862.0353948,43560.01293,,,,,,,,,,,,,
6270,1746,Homesite,1,843.9770752,43560.0265,,,,,,,,,,,,,
6271,1752,Homesite,1,834.8421623,43560.08975,,,,,,,,,,,,,
6272,1753,Homesite,1,815.0043202,43560.00867,,,,,,,,,,,,,
6273,1754,Homesite,1,953.8154094,43560.00589,,,,,,,,,,,,,
6274,1756,Homesite,1,835.4078604,43560.04722,,,,,,,,,,,,,
6275,1759,Homesite,1,836.8362739,43559.93425,,,,,,,,,,,,,
6276,1765,Homesite,1,883.5481017,43560.0794,,,,,,,,,,,,,
6277,1766,Homesite,1,946.5673481,43559.9748,,,,,,,,,,,,,
6278,1774,Homesite,1,838.3532452,43559.9841,,,,,,,,,,,,,
6279,1775,Homesite,1,885.7248987,43560.00552,,,,,,,,,,,,,
6280,1776,Homesite,1,834.8421624,43560.08372,,,,,,,,,,,,,
6281,1777,Homesite,1,987.537395,43559.98374,,,,,,,,,,,,,
6282,1781,Homesite,1,833.6485111,43560.03494,,,,,,,,,,,,,
6283,1785,Homesite,1,927.7173047,43559.87767,,,,,,,,,,,,,
6284,1787,Homesite,1,834.8421623,43560.08975,,,,,,,,,,,,,
6285,1792,Homesite,1,885.4837933,43560.10216,,,,,,,,,,,,,
6286,1794,Homesite,1,852.6223527,43560.00584,,,,,,,,,,,,,
6287,1796,Homesite,1,954.6900975,43560.02203,,,,,,,,,,,,,
6288,1798,Homesite,1,976.4374307,43559.97178,,,,,,,,,,,,,
6289,1800,Homesite,1,845.7565387,43560.00688,,,,,,,,,,,,,
6290,1804,Homesite,1,834.8421624,43560.08975,,,,,,,,,,,,,
6291,1809,Homesite,1,853.360963,43559.98191,,,,,,,,,,,,,
6292,1810,Homesite,1,843.832958,43559.97781,,,,,,,,,,,,,
6293,1813,Homesite,1,984.5152102,43559.98009,,,,,,,,,,,,,
6294,1815,Homesite,1,851.5371997,43560.0559,,,,,,,,,,,,,
6295,1816,Homesite,1,979.7007965,43559.91626,,,,,,,,,,,,,
6296,1817,Homesite,1,872.7764697,43560.0892,,,,,,,,,,,,,
6297,1819,Homesite,1,1088.621182,43559.95329,,,,,,,,,,,,,
6298,1820,Homesite,1,834.8421623,43559.90106,,,,,,,,,,,,,
6299,1824,Homesite,1,994.5688338,43560.00755,,,,,,,,,,,,,
6300,1831,Homesite,1,838.8299267,43559.96654,,,,,,,,,,,,,
6301,1832,Homesite,1,898.096629,43559.92365,,,,,,,,,,,,,
6302,1833,Homesite,1,834.8428185,43560.11976,,,,,,,,,,,,,
6303,1834,Homesite,1,933.5012858,43560.01469,,,,,,,,,,,,,
6304,1847,Homesite,1,845.19516,43560.02278,,,,,,,,,,,,,
6305,1852,Homesite,1,834.8421624,43560.08975,,,,,,,,,,,,,
6306,1853,Homesite,2,1686.256071,87120.1645,,,,,,,,,,,,,
6307,1854,Homesite,2,1800.422277,87119.92676,,,,,,,,,,,,,
6308,1857,Homesite,1,834.8421623,43560.08975,,,,,,,,,,,,,
6309,1859,Homesite,1,839.5948373,43559.92452,,,,,,,,,,,,,
6310,1862,Homesite,1,985.4520973,43560.10137,,,,,,,,,,,,,
6311,1865,Homesite,2,1670.055376,87121.42277,,,,,,,,,,,,,
6312,1866,Homesite,1,841.2293004,43559.9767,,,,,,,,,,,,,
6313,1867,Homesite,1,892.3229536,43559.99028,,,,,,,,,,,,,
6314,1868,Homesite,1,836.0304099,43560.01477,,,,,,,,,,,,,
6315,1869,Homesite,1,885.6464591,43557.7173,,,,,,,,,,,,,
6316,1872,Homesite,1,865.880158,43560.0175,,,,,,,,,,,,,
6317,1886,Homesite,2,1726.853906,87120.01146,,,,,,,,,,,,,
6318,1887,Homesite,1,911.9311601,43559.98045,,,,,,,,,,,,,
6319,1888,Homesite,1,834.8401938,43559.88433,,,,,,,,,,,,,
6320,1890,Homesite,1,874.3545505,43559.95367,,,,,,,,,,,,,
6321,1892,Homesite,1,835.0252329,43560.0169,,,,,,,,,,,,,
6322,1894,Homesite,1,877.120293,43560.10287,,,,,,,,,,,,,
6323,1895,Homesite,1,1354.217375,43559.97977,,,,,,,,,,,,,
6324,1897,Homesite,1,834.8401938,43559.88433,,,,,,,,,,,,,
6325,1901,Homesite,1,835.2931365,43560.01919,,,,,,,,,,,,,
6326,1902,Homesite,2,1849.939214,87119.91632,,,,,,,,,,,,,
6327,1903,Homesite,1,820.4272149,43559.948,,,,,,,,,,,,,
6328,1904,Homesite,1,966.9331701,43559.98738,,,,,,,,,,,,,
6329,1906,Homesite,2,1675.537907,87120.07957,,,,,,,,,,,,,
6330,1909,Homesite,1,819.210327,43560.02392,,,,,,,,,,,,,
6331,1910,Homesite,1,890.4997092,43560.04756,,,,,,,,,,,,,
6332,1911,Homesite,1,834.8401939,43559.88433,,,,,,,,,,,,,
6333,1912,Homesite,1,834.8401938,43559.88433,,,,,,,,,,,,,
6334,1913,Homesite,2,1877.62673,87121.55216,,,,,,,,,,,,,
6335,1914,Homesite,1,912.1612062,43559.96743,,,,,,,,,,,,,
6336,1915,Homesite,1,835.1394067,43560.02136,,,,,,,,,,,,,
6337,1916,Homesite,1,834.8421623,43560.08975,,,,,,,,,,,,,
6338,1917,Homesite,1,844.7585642,43560.0182,,,,,,,,,,,,,
6339,1920,Homesite,1,834.8401938,43559.88433,,,,,,,,,,,,,
6340,1922,Homesite,1,839.4802666,43559.91436,,,,,,,,,,,,,
6341,1923,Homesite,1,860.5002475,43560.05998,,,,,,,,,,,,,
6342,1928,Homesite,1,851.8935237,43561.21691,,,,,,,,,,,,,
6343,1931,Homesite,1,831.2974464,43560.0449,,,,,,,,,,,,,
6344,1932,Homesite,1,834.8401938,43559.88433,,,,,,,,,,,,,
6345,1944,Homesite,1,1125.462728,43559.98144,,,,,,,,,,,,,
6346,1946,Homesite,1,834.84085,43559.9528,,,,,,,,,,,,,
6347,1948,Homesite,1,845.478624,43559.98715,,,,,,,,,,,,,
6348,1952,Homesite,1,834.8421623,43560.08975,,,,,,,,,,,,,
6349,1956,Homesite,1,834.8401938,43559.88433,,,,,,,,,,,,,
6350,1958,Homesite,2,1936.840742,87119.97851,,,,,,,,,,,,,
6351,1959,Homesite,1,835.8821865,43560.05636,,,,,,,,,,,,,
6352,1960,Homesite,1,875.6763886,43560.06304,,,,,,,,,,,,,
6353,1961,Homesite,1,896.219988,43560.0001,,,,,,,,,,,,,
6354,1964,Homesite,1,856.860491,43559.97065,,,,,,,,,,,,,
6355,1965,Homesite,1,841.3480548,43559.89193,,,,,,,,,,,,,
6356,1966,Homesite,1,1186.73903,43559.98231,,,,,,,,,,,,,
6357,1967,Homesite,1,834.8421623,43560.08975,,,,,,,,,,,,,
6358,1968,Homesite,3,2768.134676,130679.8576,,,,,,,,,,,,,
6359,1970,Homesite,2,1713.266475,87120.0611,,,,,,,,,,,,,
6360,1972,Homesite,1,836.1305766,43559.9708,,,,,,,,,,,,,
6361,1976,Homesite,1,922.7637795,43559.98256,,,,,,,,,,,,,
6362,1977,Homesite,1,1189.035785,43560.02031,,,,,,,,,,,,,
6363,1979,Homesite,1,904.6956972,43560.04941,,,,,,,,,,,,,
6364,1980,Homesite,1,908.5996429,43560.02926,,,,,,,,,,,,,
6365,1982,Homesite,1,834.8421623,43560.08975,,,,,,,,,,,,,
6366,1984,Homesite,1,1412.520861,43560.01635,,,,,,,,,,,,,
6367,1987,Homesite,1,842.5200394,43559.9964,,,,,,,,,,,,,
6368,1993,Homesite,1,859.2719035,43560.02617,,,,,,,,,,,,,
6369,1996,Homesite,1,823.1586083,43559.99421,,,,,,,,,,,,,
6370,2000,Homesite,1,840.8024852,43559.99884,,,,,,,,,,,,,
6371,2002,Homesite,2,1949.387974,87120.00912,,,,,,,,,,,,,
6372,2004,Homesite,2,2002.128235,87119.83075,,,,,,,,,,,,,
6373,2008,Homesite,1,834.2170327,43559.94637,,,,,,,,,,,,,
6374,2010,Homesite,1,854.1548509,43560.02872,,,,,,,,,,,,,
6375,2011,Homesite,1,834.9809021,43559.99985,,,,,,,,,,,,,
6376,2014,Homesite,1,834.8421623,43560.08975,,,,,,,,,,,,,
6377,2018,Homesite,1,1105.363403,43560.06052,,,,,,,,,,,,,
6378,2020,Homesite,1,834.8460546,43560.04358,,,,,,,,,,,,,
6379,2022,Homesite,1,847.7717592,43559.95171,,,,,,,,,,,,,
6380,2023,Homesite,1,841.0005623,43559.99496,,,,,,,,,,,,,
6381,2024,Homesite,1,818.1503817,43559.9272,,,,,,,,,,,,,
6382,2025,Homesite,1,834.8421623,43560.08975,,,,,,,,,,,,,
6383,2026,Homesite,1,835.7890109,43559.95297,,,,,,,,,,,,,
6384,2028,Homesite,1,819.2661016,43559.99694,,,,,,,,,,,,,
6385,2029,Homesite,1,834.8401938,43559.88433,,,,,,,,,,,,,
6386,2033,Homesite,2,1675.040838,87120.24418,,,,,,,,,,,,,
6387,2034,Homesite,1,1200.271918,43559.96222,,,,,,,,,,,,,
6388,2035,Homesite,1,834.8401938,43559.88432,,,,,,,,,,,,,
6389,2037,Homesite,1,892.5028082,43560.0336,,,,,,,,,,,,,
6390,2038,Homesite,2,1944.017198,87120.1011,,,,,,,,,,,,,
6391,2040,Homesite,1,842.028934,43559.95966,,,,,,,,,,,,,
6392,2041,Homesite,1,834.8401938,43559.88432,,,,,,,,,,,,,
6393,2042,Homesite,1,835.4152301,43559.96572,,,,,,,,,,,,,
6394,2044,Homesite,1,834.8401941,43559.89986,,,,,,,,,,,,,
6395,2047,Homesite,1,852.0601988,43560.0021,,,,,,,,,,,,,
6396,2051,Homesite,1,834.8401938,43559.88433,,,,,,,,,,,,,
6397,2054,Homesite,1,834.8421623,43560.08975,,,,,,,,,,,,,
6398,2055,Homesite,1,834.8421624,43560.08975,,,,,,,,,,,,,
6399,2058,Homesite,1,1024.993221,43559.94871,,,,,,,,,,,,,
6400,2059,Homesite,1,999.8936695,43559.9135,,,,,,,,,,,,,
6401,2063,Homesite,2,1679.039044,87120.09226,,,,,,,,,,,,,
6402,2065,Homesite,1,901.2318019,43560.00108,,,,,,,,,,,,,
6403,2068,Homesite,1,836.4930239,43559.97799,,,,,,,,,,,,,
6404,2069,Homesite,1,853.7765819,43559.91536,,,,,,,,,,,,,
6405,2072,Homesite,1,834.8421623,43560.08975,,,,,,,,,,,,,
6406,2074,Homesite,3,2509.156711,130679.9829,,,,,,,,,,,,,
6407,2080,Homesite,1,860.4693165,43560.00402,,,,,,,,,,,,,
6408,2082,Homesite,2,1772.353912,87119.9823,,,,,,,,,,,,,
6409,2087,Homesite,2,1754.000523,87120.03617,,,,,,,,,,,,,
6410,2088,Homesite,1,873.9861873,43559.99812,,,,,,,,,,,,,
6411,2090,Homesite,1,856.5022348,43560.00981,,,,,,,,,,,,,
6412,2092,Homesite,1,866.447086,43560.05928,,,,,,,,,,,,,
6413,2093,Homesite,1,850.7080819,43559.96294,,,,,,,,,,,,,
6414,2094,Homesite,1,925.5722958,43559.94604,,,,,,,,,,,,,
6415,2095,Homesite,1,834.84085,43559.91856,,,,,,,,,,,,,
6416,2097,Homesite,2,1672.873381,87120.02636,,,,,,,,,,,,,
6417,2100,Homesite,1,835.3691836,43560.02855,,,,,,,,,,,,,
6418,2101,Homesite,1,823.026741,43560.01488,,,,,,,,,,,,,
6419,2103,Homesite,1,828.6375013,43560.04287,,,,,,,,,,,,,
6420,2105,Homesite,1,880.6071627,43560.07626,,,,,,,,,,,,,
6421,2106,Homesite,1,826.2877722,43559.97801,,,,,,,,,,,,,
6422,2107,Homesite,1,843.619664,43560.02176,,,,,,,,,,,,,
6423,2114,Homesite,1,924.7736631,43559.93632,,,,,,,,,,,,,
6424,2115,Homesite,1,837.6895742,43559.97261,,,,,,,,,,,,,
6425,2117,Homesite,1,848.1496422,43559.98593,,,,,,,,,,,,,
6426,2118,Homesite,1,825.1639134,43560.00044,,,,,,,,,,,,,
6427,2122,Homesite,1,837.2555434,43560.0277,,,,,,,,,,,,,
6428,2124,Homesite,2,1974.734871,87120.06262,,,,,,,,,,,,,
6429,2125,Homesite,1,863.330549,43560.00173,,,,,,,,,,,,,
6430,2127,Homesite,1,844.3683258,43560.01338,,,,,,,,,,,,,
6431,2129,Homesite,1,881.3678627,43560.04887,,,,,,,,,,,,,
6432,2130,Homesite,1,842.385258,43560.05521,,,,,,,,,,,,,
6433,2134,Homesite,3,2594.031518,130679.9385,,,,,,,,,,,,,
6434,2137,Homesite,1,834.8421623,43560.08975,,,,,,,,,,,,,
6435,2139,Homesite,1,856.9142967,43559.99972,,,,,,,,,,,,,
6436,2140,Homesite,1,853.1831107,43560.01493,,,,,,,,,,,,,
6437,2142,Homesite,1,846.0006975,43560.00581,,,,,,,,,,,,,
6438,2145,Homesite,1,837.9687258,43559.97947,,,,,,,,,,,,,
6439,2147,Homesite,1,942.6371771,43559.99878,,,,,,,,,,,,,
6440,2149,Homesite,1,838.1635187,43559.94002,,,,,,,,,,,,,
6441,2150,Homesite,4,3489.703046,174239.825,,,,,,,,,,,,,
6442,2152,Homesite,1,931.5209556,43560.02276,,,,,,,,,,,,,
6443,2154,Homesite,1,1039.726668,43560.01623,,,,,,,,,,,,,
6444,2155,Homesite,1,951.0283764,43559.97151,,,,,,,,,,,,,
6445,2156,Homesite,1,848.7060303,43560.01645,,,,,,,,,,,,,
6446,2161,Homesite,2,1702.575991,87119.80307,,,,,,,,,,,,,
6447,2163,Homesite,1,867.9664891,43560.03543,,,,,,,,,,,,,
6448,2165,Homesite,1,1014.010968,43559.99005,,,,,,,,,,,,,
6449,2168,Homesite,1,834.8736705,43560.00351,,,,,,,,,,,,,
6450,2169,Homesite,3,2592.684228,130679.9374,,,,,,,,,,,,,
6451,2172,Homesite,1,836.1798591,43560.0007,,,,,,,,,,,,,
6452,2173,Homesite,3,2877.028036,130679.9787,,,,,,,,,,,,,
6453,2178,Homesite,1,835.0550413,43560.03901,,,,,,,,,,,,,
6454,2179,Homesite,1,836.3938971,43559.99783,,,,,,,,,,,,,
6455,2180,Homesite,1,835.0819085,43559.89946,,,,,,,,,,,,,
6456,2183,Homesite,2,2008.87233,87120.02354,,,,,,,,,,,,,
6457,2185,Homesite,1,993.2151111,43560.04208,,,,,,,,,,,,,
6458,2190,Homesite,1,905.6228507,43559.98244,,,,,,,,,,,,,
6459,2195,Homesite,1,827.1787262,43559.96484,,,,,,,,,,,,,
6460,2197,Homesite,1,834.8401938,43559.88433,,,,,,,,,,,,,
6461,2199,Homesite,1,834.8421623,43560.13509,,,,,,,,,,,,,
6462,2201,Homesite,1,834.9566072,43559.99012,,,,,,,,,,,,,
6463,2204,Homesite,1,1063.772844,43559.99192,,,,,,,,,,,,,
6464,2205,Homesite,1,1096.83584,43559.98536,,,,,,,,,,,,,
6465,2207,Homesite,1,918.7815891,43559.8817,,,,,,,,,,,,,
6466,2209,Homesite,1,848.0259353,43559.94546,,,,,,,,,,,,,
6467,2214,Homesite,1,960.2845198,43560.00298,,,,,,,,,,,,,
6468,2216,Homesite,1,843.4784647,43560.02536,,,,,,,,,,,,,
6469,2219,Homesite,1,1030.387791,43559.97001,,,,,,,,,,,,,
6470,2220,Homesite,1,961.0800042,43560.03391,,,,,,,,,,,,,
6471,2222,Homesite,1,898.5401379,43560.01622,,,,,,,,,,,,,
6472,2225,Homesite,1,942.2037759,43560.00664,,,,,,,,,,,,,
6473,2230,Homesite,1,836.1310447,43560.0087,,,,,,,,,,,,,
6474,2231,Homesite,1,901.3092771,43560.09904,,,,,,,,,,,,,
6475,2233,Homesite,1,838.9225868,43560.03205,,,,,,,,,,,,,
6476,2237,Homesite,1,877.5427004,43560.01819,,,,,,,,,,,,,
6477,2241,Homesite,1,856.5866839,43559.95601,,,,,,,,,,,,,
6478,2243,Homesite,1,837.3515194,43559.95879,,,,,,,,,,,,,
6479,2255,Homesite,1,834.829485,43560.02125,,,,,,,,,,,,,
6480,2256,Homesite,1,847.70676,43560.00046,,,,,,,,,,,,,
6481,2259,Homesite,1,841.1406128,43560.00461,,,,,,,,,,,,,
6482,2260,Homesite,1,878.5090771,43560.05068,,,,,,,,,,,,,
6483,2265,Homesite,1,844.0469371,43560.01292,,,,,,,,,,,,,
6484,2269,Homesite,1,823.5314849,43560.04538,,,,,,,,,,,,,
6485,2270,Homesite,2,1702.7113,87119.87985,,,,,,,,,,,,,
6486,2271,Homesite,2,1684.469217,87120.83362,,,,,,,,,,,,,
6487,2273,Homesite,1,942.650861,43559.97704,,,,,,,,,,,,,
6488,2275,Homesite,1,834.0480831,43559.97543,,,,,,,,,,,,,
6489,2278,Homesite,1,916.3245965,43559.97707,,,,,,,,,,,,,
6490,2279,Homesite,1,834.9224205,43560.04338,,,,,,,,,,,,,
6491,2280,Homesite,1,888.7902172,43559.94013,,,,,,,,,,,,,
6492,2283,Homesite,1,918.2896011,43559.90843,,,,,,,,,,,,,
6493,2287,Homesite,2,1981.756141,87119.95086,,,,,,,,,,,,,
6494,2288,Homesite,1,834.8421623,43560.08975,,,,,,,,,,,,,
6495,2291,Homesite,1,835.8694231,43560.00221,,,,,,,,,,,,,
6496,2292,Homesite,2,1821.942883,87120.03876,,,,,,,,,,,,,
6497,2294,Homesite,1,893.6020151,43560.04375,,,,,,,,,,,,,
6498,2295,Homesite,1,919.9502235,43560.00875,,,,,,,,,,,,,
6499,2301,Homesite,1,835.3555203,43559.95809,,,,,,,,,,,,,
6500,2304,Homesite,1,833.9599271,43560.03341,,,,,,,,,,,,,
6501,2306,Homesite,1,835.4681453,43560.04049,,,,,,,,,,,,,
6502,2307,Homesite,1,1023.6268,43559.9693,,,,,,,,,,,,,
6503,2309,Homesite,1,834.8401938,43559.88432,,,,,,,,,,,,,
6504,2314,Homesite,1,844.735767,43560.00202,,,,,,,,,,,,,
6505,2315,Homesite,1,886.8983231,43560.00526,,,,,,,,,,,,,
6506,2316,Homesite,1,842.2364242,43559.96474,,,,,,,,,,,,,
6507,2319,Homesite,1,836.832972,43559.91827,,,,,,,,,,,,,
6508,2324,Homesite,1,834.9236606,43561.30621,,,,,,,,,,,,,
6509,2325,Homesite,1,834.8421623,43560.08975,,,,,,,,,,,,,
6510,2326,Homesite,1,878.3879788,43559.96695,,,,,,,,,,,,,
6511,2327,Homesite,1,834.8421623,43560.08975,,,,,,,,,,,,,
6512,2328,Homesite,3,2505.125648,130680.1559,,,,,,,,,,,,,
6513,2329,Homesite,1,835.5073722,43560.03705,,,,,,,,,,,,,
6514,2330,Homesite,1,835.8113395,43560.37476,,,,,,,,,,,,,
6515,2331,Homesite,1,932.1290747,43559.97344,,,,,,,,,,,,,
6516,2332,Homesite,1,920.9574757,43559.91551,,,,,,,,,,,,,
6517,2334,Homesite,1,867.2135683,43560.01738,,,,,,,,,,,,,
6518,2335,Homesite,1,834.8421623,43560.14296,,,,,,,,,,,,,
6519,2337,Homesite,1,947.1134013,43559.92654,,,,,,,,,,,,,
6520,2342,Homesite,1,995.0527286,43559.99071,,,,,,,,,,,,,
6521,2344,Homesite,1,844.0778445,43560.05133,,,,,,,,,,,,,
6522,2346,Homesite,1,836.1092201,43560.02514,,,,,,,,,,,,,
6523,2348,Homesite,1,843.4628327,43559.95392,,,,,,,,,,,,,
6524,2350,Homesite,1,834.8421627,43560.12022,,,,,,,,,,,,,
6525,2352,Homesite,1,826.3413422,43560.00204,,,,,,,,,,,,,
6526,2353,Homesite,1,1224.229815,43560.03658,,,,,,,,,,,,,
6527,2354,Homesite,2,1670.667444,87119.94729,,,,,,,,,,,,,
6528,2355,Homesite,1,840.9724154,43559.98118,,,,,,,,,,,,,
6529,2363,Homesite,1,938.4628028,43559.99956,,,,,,,,,,,,,
6530,2365,Homesite,1,834.8401938,43559.92077,,,,,,,,,,,,,
6531,2376,Homesite,1,828.7611883,43559.96787,,,,,,,,,,,,,
6532,2378,Homesite,2,1661.467434,87120.10925,,,,,,,,,,,,,
6533,2381,Homesite,1,858.4300417,43559.96835,,,,,,,,,,,,,
6534,2382,Homesite,1,834.8401938,43559.88433,,,,,,,,,,,,,
6535,2383,Homesite,2,1672.822854,87120.08671,,,,,,,,,,,,,
6536,2384,Homesite,1,848.8641823,43560.02801,,,,,,,,,,,,,
6537,2386,Homesite,1,875.9165714,43559.97556,,,,,,,,,,,,,
6538,2398,Homesite,1,835.5425011,43560.03297,,,,,,,,,,,,,
6539,2401,Homesite,1,834.8401938,43559.88433,,,,,,,,,,,,,
6540,2404,Homesite,1,825.6135956,43560.11281,,,,,,,,,,,,,
6541,2405,Homesite,1,963.6938824,43560.01115,,,,,,,,,,,,,
6542,2406,Homesite,1,834.84085,43559.9528,,,,,,,,,,,,,
6543,2410,Homesite,1,1322.434999,43560.00348,,,,,,,,,,,,,
6544,2416,Homesite,1,835.0432099,43559.98132,,,,,,,,,,,,,
6545,2417,Homesite,1,876.9695699,43559.97173,,,,,,,,,,,,,
6546,2419,Homesite,1,871.5323417,43559.96843,,,,,,,,,,,,,
6547,2422,Homesite,1,858.4267609,43560.05888,,,,,,,,,,,,,
6548,2423,Homesite,1,834.8401938,43559.88433,,,,,,,,,,,,,
6549,2424,Homesite,1,830.1515299,43560.00354,,,,,,,,,,,,,
6550,2427,Homesite,3,2593.207728,130680.077,,,,,,,,,,,,,
6551,2440,Homesite,1,835.3211386,43560.89156,,,,,,,,,,,,,
6552,2442,Homesite,1,862.9260039,43560.05535,,,,,,,,,,,,,
6553,2444,Homesite,1,834.9512638,43560.04022,,,,,,,,,,,,,
6554,2445,Homesite,2,1681.436368,87119.88425,,,,,,,,,,,,,
6555,2447,Homesite,1,834.8421624,43560.08975,,,,,,,,,,,,,
6556,2450,Homesite,1,834.8401939,43559.88433,,,,,,,,,,,,,
6557,2451,Homesite,1,896.5660469,43560.02392,,,,,,,,,,,,,
6558,2452,Homesite,1,834.8401938,43559.88432,,,,,,,,,,,,,
6559,2453,Homesite,1,924.4553235,43559.98257,,,,,,,,,,,,,
6560,2458,Homesite,1,840.3657757,43560.0454,,,,,,,,,,,,,
6561,2460,Homesite,1,914.5725036,43559.98932,,,,,,,,,,,,,
6562,2461,Homesite,2,1194.997232,87120.02245,,,,,,,,,,,,,
6563,2462,Homesite,1,851.8185178,43559.95681,,,,,,,,,,,,,
6564,2466,Homesite,1,842.3673721,43559.98343,,,,,,,,,,,,,
6565,2477,Homesite,1,834.8421623,43560.08975,,,,,,,,,,,,,
6566,2478,Homesite,1,970.1186816,43559.9615,,,,,,,,,,,,,
6567,2482,Homesite,1,834.8401938,43559.88432,,,,,,,,,,,,,
6568,2485,Homesite,2,2496.466989,87119.90915,,,,,,,,,,,,,
6569,2486,Homesite,1,837.5021416,43559.99289,,,,,,,,,,,,,
6570,2490,Homesite,1,865.0789785,43559.9981,,,,,,,,,,,,,
6571,2491,Homesite,2,1669.682356,87119.97407,,,,,,,,,,,,,
6572,2494,Homesite,1,841.9669596,43560.0192,,,,,,,,,,,,,
6573,2495,Homesite,1,885.4752599,43540.58038,,,,,,,,,,,,,
6574,2497,Homesite,2,1731.748479,87119.9811,,,,,,,,,,,,,
6575,2499,Homesite,1,834.8401938,43559.88433,,,,,,,,,,,,,
6576,2502,Homesite,2,1653.486858,87120.11689,,,,,,,,,,,,,
6577,2505,Homesite,1,931.2464217,43560.02352,,,,,,,,,,,,,
6578,2508,Homesite,1,839.8670893,43559.988,,,,,,,,,,,,,
6579,2512,Homesite,1,834.8977543,43560.03854,,,,,,,,,,,,,
6580,2514,Homesite,1,836.6264228,43560.04312,,,,,,,,,,,,,
6581,2515,Homesite,2,1654.410273,87119.95277,,,,,,,,,,,,,
6582,2517,Homesite,1,926.4055322,43559.9682,,,,,,,,,,,,,
6583,2518,Homesite,1,834.8401938,43559.88432,,,,,,,,,,,,,
6584,2520,Homesite,1,859.3637768,43559.92857,,,,,,,,,,,,,
6585,2525,Homesite,1,854.98962,43559.92484,,,,,,,,,,,,,
6586,2526,Homesite,1,847.957375,43560.00512,,,,,,,,,,,,,
6587,2527,Homesite,1,841.6022219,43560.44155,,,,,,,,,,,,,
6588,2529,Homesite,1,852.5531393,43560.0296,,,,,,,,,,,,,
6589,2534,Homesite,1,920.4153246,43559.9846,,,,,,,,,,,,,
6590,2541,Homesite,1,919.8942449,43559.99065,,,,,,,,,,,,,
6591,2546,Homesite,1,1220.955751,43560.12144,,,,,,,,,,,,,
6592,2555,Homesite,1,834.924951,43559.98467,,,,,,,,,,,,,
6593,2556,Homesite,1,1179.723957,43559.96043,,,,,,,,,,,,,
6594,2558,Homesite,1,835.3797284,43560.01551,,,,,,,,,,,,,
6595,2559,Homesite,1,895.0487348,43560.02121,,,,,,,,,,,,,
6596,2562,Homesite,2,1801.679665,87120.11427,,,,,,,,,,,,,
6597,2569,Homesite,1,846.1145394,43560.01879,,,,,,,,,,,,,
6598,2572,Homesite,1,838.7230132,43559.95747,,,,,,,,,,,,,
6599,2573,Homesite,2,1738.621026,87119.98263,,,,,,,,,,,,,
6600,2580,Homesite,1,834.8421623,43560.08975,,,,,,,,,,,,,
6601,2584,Homesite,1,834.8401938,43559.88432,,,,,,,,,,,,,
6602,2586,Homesite,1,945.7232992,43559.98962,,,,,,,,,,,,,
6603,2589,Homesite,1,962.163863,43559.98898,,,,,,,,,,,,,
6604,2590,Homesite,1,877.8630737,43559.91857,,,,,,,,,,,,,
6605,2592,Homesite,1,843.8245983,43560.01937,,,,,,,,,,,,,
6606,2605,Homesite,1,841.3316506,43560.07573,,,,,,,,,,,,,
6607,2606,Homesite,1,834.8421623,43560.08975,,,,,,,,,,,,,
6608,2607,Homesite,1,835.2863581,43559.98439,,,,,,,,,,,,,
6609,2612,Homesite,1,870.3231778,43560.05727,,,,,,,,,,,,,
6610,2613,Homesite,1,826.789268,43560.03871,,,,,,,,,,,,,
6611,2614,Homesite,1,834.8401938,43559.88432,,,,,,,,,,,,,
6612,2615,Homesite,1,822.1863318,43560.05504,,,,,,,,,,,,,
6613,2616,Homesite,1,834.8401938,43559.88432,,,,,,,,,,,,,
6614,2635,Homesite,1,834.8421623,43560.08975,,,,,,,,,,,,,
6615,2638,Homesite,1,860.867747,43560.03365,,,,,,,,,,,,,
6616,2641,Homesite,2,2036.843424,87120.05358,,,,,,,,,,,,,
6617,2645,Homesite,1,916.899865,43560.00186,,,,,,,,,,,,,
6618,2649,Homesite,2,1879.630593,87120.41633,,,,,,,,,,,,,
6619,2651,Homesite,2,1857.51414,87119.77961,,,,,,,,,,,,,
6620,2659,Homesite,1,904.0185332,43559.9884,,,,,,,,,,,,,
6621,2663,Homesite,1,847.6899363,43560.03148,,,,,,,,,,,,,
6622,2666,Homesite,1,834.8401938,43559.88433,,,,,,,,,,,,,
6623,2672,Homesite,1,839.7885844,43560.00938,,,,,,,,,,,,,
6624,2681,Homesite,1,842.4773177,43560.06816,,,,,,,,,,,,,
6625,2682,Homesite,1,835.4124513,43559.96752,,,,,,,,,,,,,
6626,2685,Homesite,2,1192.506093,87119.99538,,,,,,,,,,,,,
6627,2687,Homesite,1,978.6305888,43560.01394,,,,,,,,,,,,,
6628,2688,Homesite,1,834.8421623,43560.08975,,,,,,,,,,,,,
6629,2692,Homesite,1,864.9615246,43560.02354,,,,,,,,,,,,,
6630,2693,Homesite,1,1020.819309,43559.96651,,,,,,,,,,,,,
6631,2694,Homesite,1,861.5841605,43560.0278,,,,,,,,,,,,,
6632,2697,Homesite,1,834.840605,43559.90238,,,,,,,,,,,,,
6633,2699,Homesite,1,948.6225197,43559.97577,,,,,,,,,,,,,
6634,2700,Homesite,1,864.7583067,43560.0242,,,,,,,,,,,,,
6635,2702,Homesite,2,1673.455314,87120.07882,,,,,,,,,,,,,
6636,2703,Homesite,1,846.6742418,43559.97035,,,,,,,,,,,,,
6637,2705,Homesite,1,819.0594606,43560.01183,,,,,,,,,,,,,
6638,2707,Homesite,1,844.64398,43559.94541,,,,,,,,,,,,,
6639,2709,Homesite,1,832.6612606,43559.99951,,,,,,,,,,,,,
6640,2718,Homesite,1,834.8421624,43560.1144,,,,,,,,,,,,,
6641,2721,Homesite,1,834.8401939,43559.88433,,,,,,,,,,,,,
6642,2724,Homesite,1,834.8421623,43560.08975,,,,,,,,,,,,,
6643,2728,Homesite,1,834.8401938,43559.88433,,,,,,,,,,,,,
6644,2730,Homesite,1,1031.492503,43560.02765,,,,,,,,,,,,,
6645,2734,Homesite,1,1130.032163,43571.32901,,,,,,,,,,,,,
6646,2737,Homesite,1,834.84085,43559.9528,,,,,,,,,,,,,
6647,2739,Homesite,2,1721.919183,87119.94568,,,,,,,,,,,,,
6648,2742,Homesite,1,837.7110235,43560.16803,,,,,,,,,,,,,
6649,2746,Homesite,1,843.4850111,43560.02895,,,,,,,,,,,,,
6650,2756,Homesite,1,834.9290868,43560.42387,,,,,,,,,,,,,
6651,2760,Homesite,1,889.9553359,43560.01455,,,,,,,,,,,,,
6652,2762,Homesite,1,990.8829258,43559.9289,,,,,,,,,,,,,
6653,2768,Homesite,1,822.9406724,43560.00663,,,,,,,,,,,,,
6654,2769,Homesite,1,834.8422883,43560.07332,,,,,,,,,,,,,
6655,2770,Homesite,1,836.5794137,43559.98313,,,,,,,,,,,,,
6656,2771,Homesite,1,834.8421623,43560.08975,,,,,,,,,,,,,
6657,2772,Homesite,1,1079.729455,43560.00801,,,,,,,,,,,,,
6658,2778,Homesite,2,1705.166809,87120.08376,,,,,,,,,,,,,
6659,2779,Homesite,1,834.84085,43559.9528,,,,,,,,,,,,,
6660,2780,Homesite,1,837.1894874,43559.96622,,,,,,,,,,,,,
6661,2784,Homesite,1,926.9299047,43560.12539,,,,,,,,,,,,,
6662,2785,Homesite,1,869.4004922,43560.02922,,,,,,,,,,,,,
6663,2787,Homesite,1,865.7922317,43559.95461,,,,,,,,,,,,,
6664,2788,Homesite,1,930.9930113,43559.99972,,,,,,,,,,,,,
6665,2790,Homesite,1,864.4451616,43560.00903,,,,,,,,,,,,,
6666,2791,Homesite,1,871.447076,43560.09924,,,,,,,,,,,,,
6667,2793,Homesite,1,834.8401938,43559.88433,,,,,,,,,,,,,
6668,2798,Homesite,1,1001.049643,43559.99229,,,,,,,,,,,,,
6669,2803,Homesite,1,944.913686,43559.98078,,,,,,,,,,,,,
6670,2809,Homesite,1,834.892331,43560.02561,,,,,,,,,,,,,
6671,2812,Homesite,1,834.8421623,43560.08975,,,,,,,,,,,,,
6672,2813,Homesite,1,861.5398917,43559.98977,,,,,,,,,,,,,
6673,2814,Homesite,1,834.9248393,43559.87673,,,,,,,,,,,,,
6674,2815,Homesite,1,939.5004397,43560.03837,,,,,,,,,,,,,
6675,2818,Homesite,1,940.5928917,43560.00519,,,,,,,,,,,,,
6676,2821,Homesite,2,1745.42958,87120.06734,,,,,,,,,,,,,
6677,2823,Homesite,1,834.8401938,43559.88433,,,,,,,,,,,,,
6678,2825,Homesite,1,854.0937175,43559.98582,,,,,,,,,,,,,
6679,2840,Homesite,1,806.2486251,43559.97894,,,,,,,,,,,,,
6680,2843,Homesite,1,835.0471102,43560.03854,,,,,,,,,,,,,
6681,2845,Homesite,1,849.534667,43560.98351,,,,,,,,,,,,,
6682,2847,Homesite,1,918.9602809,43559.96488,,,,,,,,,,,,,
6683,2852,Homesite,1,834.8421623,43560.08975,,,,,,,,,,,,,
6684,2853,Homesite,1,876.3884359,43559.99964,,,,,,,,,,,,,
6685,2855,Homesite,1,828.8061422,43559.99009,,,,,,,,,,,,,
6686,2857,Homesite,1,877.825016,43559.88275,,,,,,,,,,,,,
6687,2860,Homesite,1,837.6217183,43559.99998,,,,,,,,,,,,,
6688,2861,Homesite,1,834.8401938,43559.88433,,,,,,,,,,,,,
6689,2871,Homesite,1,839.4432504,43559.91528,,,,,,,,,,,,,
6690,2874,Homesite,1,834.8421623,43560.08975,,,,,,,,,,,,,
6691,2887,Homesite,1,834.8401939,43559.88433,,,,,,,,,,,,,
6692,2888,Homesite,1,843.3514924,43559.94167,,,,,,,,,,,,,
6693,2891,Homesite,1,903.7416964,43559.99107,,,,,,,,,,,,,
6694,2893,Homesite,1,848.6342948,43559.96208,,,,,,,,,,,,,
6695,2899,Homesite,1,834.84085,43559.9528,,,,,,,,,,,,,
6696,2905,Homesite,1,827.3051766,43560.02932,,,,,,,,,,,,,
6697,2910,Homesite,1,834.8421623,43560.08975,,,,,,,,,,,,,
6698,2914,Homesite,1,1204.955964,43560.00896,,,,,,,,,,,,,
6699,2921,Homesite,1,834.8401938,43559.88432,,,,,,,,,,,,,
6700,2932,Homesite,1,834.8401938,43559.88433,,,,,,,,,,,,,
6701,2933,Homesite,1,1322.206444,43560.04537,,,,,,,,,,,,,
6702,2941,Homesite,1,929.1300315,43560.13816,,,,,,,,,,,,,
6703,2945,Homesite,1,911.1318204,43560.00144,,,,,,,,,,,,,
6704,2955,Homesite,1,863.0446484,43560.01231,,,,,,,,,,,,,
6705,2962,Homesite,1,855.5372777,43560.06631,,,,,,,,,,,,,
6706,2967,Homesite,2,1794.308865,87120.10018,,,,,,,,,,,,,
6707,2973,Homesite,1,835.2381775,43560.01995,,,,,,,,,,,,,
6708,2981,Homesite,1,1033.502027,43560.00494,,,,,,,,,,,,,
6709,2982,Homesite,3,2592.880027,130679.9706,,,,,,,,,,,,,
6710,2984,Homesite,1,835.4963909,43560.00721,,,,,,,,,,,,,
6711,2992,Homesite,1,835.4910874,43559.98945,,,,,,,,,,,,,
6712,2993,Homesite,1,834.8415062,43560.02127,,,,,,,,,,,,,
6713,2998,Homesite,1,1199.584812,43559.97198,,,,,,,,,,,,,
6714,2999,Homesite,1,836.7062363,43559.96233,,,,,,,,,,,,,
6715,3000,Homesite,2,1761.791015,87120.0503,,,,,,,,,,,,,
6716,3001,Homesite,1,855.0787025,43559.97241,,,,,,,,,,,,,
6717,3004,Homesite,1,838.3091676,43560.03145,,,,,,,,,,,,,
6718,3006,Homesite,1,846.6108549,43560.00473,,,,,,,,,,,,,
6719,3007,Homesite,1,834.8401787,43559.85316,,,,,,,,,,,,,
6720,3009,Homesite,1,846.319627,43560.00298,,,,,,,,,,,,,
6721,3010,Homesite,1,834.8421623,43560.08975,,,,,,,,,,,,,
6722,3014,Homesite,1,877.1222615,43559.98769,,,,,,,,,,,,,
6723,3017,Homesite,1,845.6042336,43560.01837,,,,,,,,,,,,,
6724,3019,Homesite,1,836.1558325,43560.03973,,,,,,,,,,,,,
6725,3021,Homesite,1,837.4931489,43560.00004,,,,,,,,,,,,,
6726,3031,Homesite,1,842.2440983,43560.01318,,,,,,,,,,,,,
6727,3033,Homesite,1,857.2331141,43559.97892,,,,,,,,,,,,,
6728,3036,Homesite,3,2655.440639,130679.8588,,,,,,,,,,,,,
6729,3039,Homesite,1,867.2494498,43559.96599,,,,,,,,,,,,,
6730,3041,Homesite,1,835.8303493,43559.93262,,,,,,,,,,,,,
6731,3043,Homesite,1,836.1639913,43560.04014,,,,,,,,,,,,,
6732,3046,Homesite,1,871.6624365,43560.02342,,,,,,,,,,,,,
6733,3052,Homesite,1,936.2560558,43560.04929,,,,,,,,,,,,,
6734,3057,Homesite,1,862.4348633,43560.06443,,,,,,,,,,,,,
6735,3058,Homesite,1,837.8640443,43560.04698,,,,,,,,,,,,,
6736,3061,Homesite,1,835.3997627,43560.00731,,,,,,,,,,,,,
6737,3065,Homesite,1,1126.53033,43559.96725,,,,,,,,,,,,,
6738,3068,Homesite,1,838.7902605,43559.9942,,,,,,,,,,,,,
6739,3075,Homesite,1,868.8506574,43560.01522,,,,,,,,,,,,,
6740,3076,Homesite,1,835.4451795,43560.03164,,,,,,,,,,,,,
6741,3080,Homesite,1,1070.611172,43559.96218,,,,,,,,,,,,,
6742,3089,Homesite,1,834.8421623,43560.11545,,,,,,,,,,,,,
6743,3090,Homesite,1,849.312854,43559.96946,,,,,,,,,,,,,
6744,3091,Homesite,1,834.8421624,43560.08975,,,,,,,,,,,,,
6745,3092,Homesite,1,860.2892868,43556.07253,,,,,,,,,,,,,
6746,3099,Homesite,1,834.8401938,43559.88433,,,,,,,,,,,,,
6747,3105,Homesite,1,834.8401939,43559.88433,,,,,,,,,,,,,
6748,3108,Homesite,2.09,1756.814871,91091.73261,,,,,,,,,,,,,
6749,3112,Homesite,1,834.8421624,43560.08975,,,,,,,,,,,,,
6750,3116,Homesite,1,843.2821754,43559.99179,,,,,,,,,,,,,
6751,3122,Homesite,1,834.8421623,43560.08975,,,,,,,,,,,,,
6752,3128,Homesite,1,850.7162437,43560.01645,,,,,,,,,,,,,
6753,3129,Homesite,2,1979.157445,87119.98313,,,,,,,,,,,,,
6754,3132,Homesite,1,834.8401938,43559.88433,,,,,,,,,,,,,
6755,3136,Homesite,1,953.4578672,43559.99454,,,,,,,,,,,,,
6756,3138,Homesite,1,835.1191625,43560.0255,,,,,,,,,,,,,
6757,3140,Homesite,1,854.0930659,43560.01297,,,,,,,,,,,,,
6758,3141,Homesite,1,907.0165586,43559.99825,,,,,,,,,,,,,
6759,3148,Homesite,1,834.8421623,43560.08975,,,,,,,,,,,,,
6760,3150,Homesite,1,836.0971282,43559.99286,,,,,,,,,,,,,
6761,3157,Homesite,1,836.4051513,43560.06644,,,,,,,,,,,,,
6762,3158,Homesite,1,842.7076745,43560.00412,,,,,,,,,,,,,
6763,3160,Homesite,1,834.8401938,43559.88433,,,,,,,,,,,,,
6764,3161,Homesite,1,834.8421623,43560.08975,,,,,,,,,,,,,
6765,3162,Homesite,3,2059.342767,130679.8996,,,,,,,,,,,,,
6766,3164,Homesite,1,885.7374582,43560.02351,,,,,,,,,,,,,
6767,3170,Homesite,1,819.3323502,43560.01443,,,,,,,,,,,,,
6768,3174,Homesite,1,1006.812537,43560.01501,,,,,,,,,,,,,
6769,3178,Homesite,1,985.5028901,43560.00115,,,,,,,,,,,,,
6770,3179,Homesite,1,834.8401938,43559.88433,,,,,,,,,,,,,
6771,3180,Homesite,1,834.8421623,43560.08975,,,,,,,,,,,,,
6772,99999,Homesite,1,834.8401938,43559.88433,,,,,,,,,,,,,
6773,888888,Homesite,4,3345.068324,174239.8858,,,,,,,,,,,,,
6774,999999,Homesite,140.91,123276.4661,6137842.473,,,,,,,,,,,,,
5531,,Homesite,549.56,471375.9637,23938658.84,,,,,,,,,,,,,
